0,-0.5399804,8.232684,-1.1306107,116.40512,278.6535,154.47083,18.764698
1,0.2362318,9.538931,-0.8656983,156.3526,275.37415,195.26328,37.835106
2,-0.7312019,8.604269,-1.3271569,123.055176,279.98767,151.14728,44.16464
3,0.33475354,8.216052,-1.4135371,175.11145,280.02655,193.32332,56.311188
4,-0.9940159,9.365287,-1.6919781,127.83099,281.8343,149.56628,44.000153
5,-0.11443906,7.8477197,-1.3806673,166.50885,280.01163,175.26178,62.101692
6,0.6764395,7.4447455,-1.8755407,154.33868,284.9927,199.83253,63.038055
7,0.8181098,7.044277,-2.029649,160.73145,287.25757,201.95335,70.853165
8,0.58221537,6.548678,-1.3898306,124.99979,282.9582,202.72935,67.33693
9,-1.0831269,5.809099,-0.9120579,87.68738,283.69885,130.0994,73.558525
10,0.973063,7.099537,-0.13093878,158.69434,277.87378,262.33612,77.23357
11,-1.1962366,6.2878985,-0.9182264,66.52222,283.48645,127.509705,77.99785
12,0.47301373,7.035482,-0.5641271,84.12613,275.9737,219.97943,76.368324
13,-0.16233815,6.216665,-1.9079151,161.8446,287.11948,175.1366,81.37869
14,0.2622,7.0852566,-0.9335359,73.11261,277.79285,195.68834,81.47916
15,-1.0261585,6.4066586,-1.477982,81.22171,285.6872,145.22787,85.34494
16,-0.44918907,7.8469853,-0.88872653,357.4808,277.23227,153.18658,84.82155
17,-1.6244065,9.557088,-0.40240827,100.42029,279.93216,103.913574,85.42812
18,-1.1423388,8.385098,1.1015841,17.709229,280.71698,46.040497,79.48231
19,-0.10646391,9.950789,-0.5335917,209.95772,273.12982,168.71637,-21.324244
20,-0.57954013,9.661535,-1.1104444,205.27206,277.38696,152.44,-0.38913536
21,-1.8134683,10.405246,-0.89103013,157.39459,280.98923,116.16675,7.9026623
22,-0.8776391,10.091414,0.060097963,183.88002,274.982,86.08267,21.767189
23,-0.42138037,12.1491165,-0.5344723,199.98022,273.20633,141.74759,14.220391
24,1.4398804,8.847793,-2.3461142,234.62506,287.28198,211.53868,27.948997
25,0.7180508,9.819942,-1.5883921,253.31134,280.0658,204.3259,47.857864
26,-1.8947072,10.602306,-2.0728405,192.00836,284.83563,137.57071,54.57705
27,-0.92460203,6.455335,-1.5343825,210.12997,285.50992,148.92728,68.46288
28,0.33460268,6.894238,-1.6180462,247.06076,283.47736,191.68375,72.44278
29,-0.81422216,7.270605,-0.8966734,204.05365,279.4579,137.75906,79.129005
30,0.54229116,7.3319683,-1.6606103,284.5874,283.40143,198.08504,84.14551
31,-1.3060381,7.3446918,-0.7458854,242.53139,281.5728,119.73093,90.81666
32,0.2888169,8.957623,-1.6198882,314.00665,280.4087,190.10928,94.43977
33,0.62739927,10.5953665,1.9174324,117.83835,280.78064,341.8815,66.67323
34,-1.1657134,9.489731,1.3012317,176.23462,280.43115,41.855682,62.5278
35,-0.9491276,9.66198,1.2512358,176.31708,279.2323,37.18222,59.84182
36,-0.66284245,9.671191,1.1097549,169.36597,277.61295,30.849335,57.05036
37,-0.75896215,9.626743,1.6554121,168.7279,280.71213,24.630188,54.926548
38,-0.72961885,9.638532,1.56254,165.4118,280.14383,25.029938,52.381172
39,-0.6134353,9.475113,1.2443454,167.24164,278.33,26.24231,50.154068
40,-0.79524285,9.228645,1.7657436,165.87384,281.8511,24.245514,48.275814
41,-0.10324654,9.302747,4.1972156,142.15433,294.29047,1.4091187,45.63173
42,0.2994312,8.383976,5.2220864,130.35117,301.95956,356.7183,41.722866
43,0.07559943,9.293644,2.5921328,140.62912,285.59088,358.32944,37.959473
45,-0.49880615,10.538701,-2.0155053,304.326,281.14554,166.09949,-14.744212
46,-1.2231408,9.552261,-0.2824294,246.4681,277.48672,103.002014,4.34299
47,-0.028967047,7.989511,-0.9900875,318.3698,277.0673,178.32416,24.946682
48,-0.39691532,7.6847634,-0.68513894,294.63834,275.88275,149.91537,39.73013
49,-1.1961504,5.1213365,-0.2594454,259.34845,283.44116,102.237915,4.9513283
50,-0.015495335,5.5391445,-0.85844725,329.69678,278.81094,178.96588,19.280186
51,-0.5450296,8.063812,-0.5349744,300.45248,275.41022,134.46658,27.456192
52,-0.446517,8.061536,0.57961166,190.49077,275.1859,37.60968,38.42289
53,-0.99591464,9.294843,-2.0242193,315.814,283.64246,153.80286,41.30653
54,-0.40705204,12.384053,-3.1212127,308.27408,284.26086,172.5697,50.433395
55,-1.1792136,13.19928,-0.7460988,274.97214,276.03488,122.3219,50.7567
56,-0.008601611,13.031296,-2.0249,295.06778,278.8325,179.75659,64.46184
57,0.21248548,14.817143,-7.7287536,207.15941,297.55582,181.57483,67.712036
58,1.5945357,13.532917,-6.8683567,261.76654,297.52075,193.07008,73.9375
59,-1.253736,9.000068,1.4741192,169.9895,282.13483,40.381104,54.7499
60,-0.6310701,9.80552,2.0295498,139.27063,282.22998,17.272614,39.62235
61,-0.8813393,9.473332,2.0577283,146.26733,283.295,23.185791,26.567741
62,-0.6949212,9.510655,1.8997612,142.72726,282.00763,20.092224,15.254631
63,-1.0930927,9.214475,3.2021806,149.49051,290.16354,18.847778,6.139124
64,-0.7875316,9.372158,2.6840413,145.2756,286.61813,16.352356,-2.1002512
65,-1.0178585,9.173654,3.1538765,144.24518,289.86267,17.886566,-9.559721
66,-0.93253136,9.541919,2.1601813,146.95813,283.8518,23.349426,-15.996975
67,-0.8503434,9.455272,1.7653776,148.80338,281.7082,25.719086,-21.598438
69,-0.58288866,12.691494,-2.3318193,75.27484,280.7239,165.96527,-20.026772
70,-0.71388716,14.208362,-0.79017067,11.803253,274.2862,137.90347,-35.219204
71,-0.29321012,11.5944605,-2.8189785,86.90448,283.7362,174.06183,-21.582457
72,0.8996477,10.460565,0.40846965,165.40015,275.39575,294.41962,4.993553
73,-1.0932641,7.097363,-0.9354329,345.33112,281.46017,130.55139,8.977814
74,-0.61272067,5.6030574,-0.8394943,3.1321716,280.5084,143.87546,22.117744
75,0.7184834,5.9962344,-1.2358305,57.637512,283.4091,210.17274,32.20059
76,-0.94119406,6.4600067,-0.8949886,1.4630432,281.3678,133.5585,43.328766
77,-0.25909644,6.4173837,0.42944428,222.50041,274.46884,31.10382,47.71963
78,-1.2588909,7.650101,0.34040055,271.21762,279.67413,74.8692,48.903976
79,0.117029704,11.427082,-0.19290428,45.349854,271.13144,211.24403,55.205925
80,-1.3851737,12.376891,-3.0179405,37.646698,285.01843,155.34583,56.09797
81,0.022992365,11.594914,-2.55888,66.76633,282.44562,180.51482,62.238068
82,-0.710676,11.879424,-6.7957687,95.461945,299.9067,174.0299,58.012104
83,0.32758144,11.402183,0.16827528,161.66467,271.8499,297.18912,63.919426
84,0.4215093,10.059066,0.08385221,168.1441,272.44656,281.25116,53.033455
85,-1.8652304,8.903848,0.7247023,289.6958,282.66632,68.76724,48.753246
86,-0.75987417,9.619071,0.5185893,33.16568,275.46317,55.687744,-27.074263
87,0.29389438,10.581021,-0.4883555,177.54486,273.08344,211.0397,-39.27031
88,0.21457678,9.413601,-2.7567453,163.91077,286.36926,184.45074,-11.152008
89,-0.608084,7.480764,-2.1477368,128.88232,286.6144,164.19171,-0.09567547
90,-1.0684683,8.560647,-2.677662,91.03836,288.61197,158.24652,14.495919
91,-0.13658138,7.6840606,-2.2977564,103.621185,286.67593,176.59827,19.338017
92,-0.24868055,10.733425,-3.3657978,158.27075,287.45502,175.77441,33.456146
93,-1.0442237,10.928214,-1.9484081,60.66736,281.43564,151.8115,37.536148
94,0.07057595,10.053753,-2.277633,148.78769,282.77057,181.77483,47.292923
95,-0.8301868,10.332771,-2.2882693,92.96326,283.25613,160.05914,45.499397
96,0.5847048,11.681335,-1.8202873,167.21027,279.29523,197.80783,54.015102
97,-0.9217399,11.3077,-1.82551,65.94623,280.25125,153.20978,53.096886
98,-0.0712548,10.811854,-2.2464263,154.05322,281.74335,178.18323,58.197693
99,-0.4775504,11.459723,-0.0016905963,357.54272,272.38623,90.20282,56.277412
100,-0.20906436,8.246739,-0.72619337,137.59937,275.23566,163.93939,60.57547
101,-1.0791975,10.838329,-2.5303955,113.483,284.24176,156.90204,59.318188
102,0.35024592,11.119344,-2.0206618,147.7898,280.4499,189.8335,61.871803
103,-1.002846,10.863716,-2.772776,77.82883,285.18503,160.11615,60.04197
104,-1.4925313,7.9308934,-2.9377296,60.834747,292.56195,153.0669,60.363132
105,-1.0964321,10.296113,-1.5390149,56.6875,280.39972,144.53299,60.6563
106,0.3697197,5.628341,2.7375,267.6881,296.1415,352.30832,47.266224
107,-0.5152216,11.136413,2.030755,338.8982,280.6545,14.236084,34.93811
109,-0.8047617,8.7942,0.8478985,88.47052,277.57187,43.504852,-21.133589
110,-0.24526858,9.794155,-2.5572631,230.21896,284.69754,174.52148,1.8018761
111,-0.985955,9.528335,-2.0606465,201.0272,283.48196,154.43036,15.570708
112,-0.016300151,10.80235,-2.5548408,242.95804,283.30664,179.63446,37.632385
113,-1.4134549,9.478467,-3.6800356,198.4451,292.5827,158.98883,43.61946
114,-0.24208991,9.314773,-2.1299934,238.00444,282.96042,173.51575,52.376328
115,-0.28438875,9.690218,-2.3254654,226.31944,283.59152,173.02771,57.183365
116,-0.78874534,9.238943,-2.492914,213.69022,285.80206,162.44287,59.005035
117,-0.5746787,9.434343,-2.418368,225.72499,284.76053,166.63269,61.43263
118,-0.74627537,9.184361,-2.2562597,219.61449,284.50723,161.69794,62.76239
119,-0.6743846,9.594567,-2.6730928,220.0148,286.0312,165.84052,65.11476
120,0.08331848,9.540271,-2.723644,222.8512,285.94055,181.75218,67.17609
121,-0.33157375,5.2234116,-1.7264215,246.19171,288.601,169.12823,66.9326
122,-0.76254207,7.4866695,-3.4524548,242.42091,295.27954,167.54504,69.863716
123,-0.10893607,8.7683115,-2.8085678,254.15654,287.77325,177.77875,69.31651
124,-0.9963949,5.4682794,-2.3656065,221.45924,295.146,157.15912,70.64367
125,-0.035089135,6.3843513,-2.2615066,256.51694,289.50766,179.11108,69.43966
126,-0.40433422,6.197743,-2.7844665,246.86273,294.41727,171.7378,70.57842
127,-0.08482522,6.0680866,-1.853712,271.71585,287.0039,177.38,71.27513
128,-0.9813857,5.8301926,-2.4551184,238.76735,294.39435,158.21191,72.44409
129,-0.20771658,6.216018,-2.1597269,263.97794,289.24146,174.50635,71.405174
130,-0.40687904,7.817135,-2.3746464,267.94363,287.12936,170.27716,72.63854
131,-0.06592468,5.518927,-1.7466235,268.08447,287.5732,177.83844,73.009056
132,-0.23459263,7.6449733,-2.6957664,262.18726,289.49152,175.02649,73.52828
133,-0.22745371,5.9586487,-2.045018,260.93237,289.0507,173.65344,74.58274
134,1.2059308,5.853822,-1.7196808,243.66754,289.7382,215.04016,75.293976
135,-0.930942,7.6961102,3.2001755,80.056305,293.41522,16.21988,67.53795
136,-1.429644,11.246682,3.172376,63.023346,287.19165,24.258911,52.054214
138,-0.9326051,10.933701,0.09314576,214.36786,274.89948,84.29639,-29.826803
139,-0.65812033,11.165563,-0.3308501,273.57553,273.77444,116.689575,-3.5412064
140,-0.6576162,8.162889,-2.069892,298.23083,284.89914,162.37463,14.992405
141,-0.65941644,9.292087,-3.0469036,284.51935,288.54633,167.78827,23.303684
142,-0.6182279,6.1334386,-2.2766874,309.30148,291.03848,164.80786,32.50229
143,-0.1603287,7.468109,-2.746497,327.4095,290.22327,176.65912,38.02439
144,-0.84345484,5.3333173,-2.127511,311.8502,293.22488,158.37408,44.64906
145,-0.091047436,5.482481,-2.0165012,330.42673,290.21283,177.4148,49.56193
146,-0.8687925,5.4084525,-2.105323,309.8501,292.83633,157.5758,55.422035
147,-0.26513442,7.1055427,-2.064099,323.0678,286.32416,172.68042,58.206593
148,-0.49110124,7.47403,-2.1305058,328.8815,286.30576,167.01953,61.833824
149,-1.2913091,7.989008,-2.700285,301.8415,290.53897,154.44232,62.690643
150,0.26867577,9.853284,-3.8789132,351.2809,291.5347,183.96231,64.065346
151,-0.5629246,9.380363,-4.6299624,301.4615,296.43726,173.06781,66.86371
152,-1.0864846,12.752572,-4.550899,318.85287,290.14758,166.57251,67.83157
153,0.16800274,12.495219,-4.383169,309.33005,289.34338,182.195,71.018524
154,-1.0849222,11.207565,-4.4268594,293.59808,292.1305,166.22955,71.15537
155,0.6114673,13.121906,-6.9110675,264.9144,297.86716,185.05617,72.427376
156,-0.3997256,9.824246,-2.7666137,331.37634,285.8829,171.77869,74.086815
157,-0.1410765,10.540284,-2.1779172,4.869446,281.69843,176.29382,77.93672
158,-0.20918447,8.934638,3.3714132,227.4268,290.70996,3.5504456,67.447685
159,-0.20020305,9.7706585,1.5086805,252.80627,278.85342,7.559021,59.94933
161,-0.18510795,8.170251,2.3912756,236.38338,286.35995,4.426422,-28.357063
162,-0.07440234,7.1040535,-1.9291934,69.92499,285.20374,177.79138,-6.8375816
163,-0.2681801,8.18584,-2.6375742,31.315247,287.94574,174.19427,10.463224
164,-0.6751547,5.669185,-1.64792,5.0139465,287.43912,157.72101,23.144285
165,-0.053878438,8.04671,-1.4076389,22.157867,279.92966,177.80804,29.39861
166,-0.2780353,7.99095,-2.5807445,38.536316,287.9952,173.85095,36.933144
167,-0.102810115,8.1659775,-1.6824061,23.653198,281.6627,176.50305,43.20137
168,0.18327814,10.408326,-4.0146976,57.216736,291.11264,182.61385,47.673256
169,-0.9512426,9.656352,-4.4430003,34.29532,295.1988,167.91547,51.41343
170,-0.44950756,10.397224,-3.6876857,45.05902,289.66205,173.05023,55.142414
171,-0.4563103,9.948192,-4.372557,14.822052,293.84158,174.0423,61.594498
172,0.2389282,9.347138,-3.9132833,75.04553,292.75516,183.4939,62.412895
173,-0.21900599,13.833428,-5.8028665,52.004913,292.7717,177.83862,64.22444
174,0.04635672,9.073867,-6.3183236,108.35101,304.851,180.42036,66.47014
175,0.27993247,14.525342,-4.2704186,82.81732,286.4165,183.75047,71.60676
176,0.1478805,8.560646,0.3358347,190.75182,272.45447,336.2343,73.86281
177,-0.51058346,13.798221,-4.7293515,22.90509,289.02124,173.8382,69.94442
178,-1.2925172,10.035409,1.8680962,250.6707,282.7547,34.678986,56.641582
179,0.3177345,9.123086,4.4462323,252.11096,296.04028,355.9125,43.65715
181,-1.0309445,9.241988,1.9653808,346.50946,283.50327,27.679352,-32.415665
182,-0.68754584,8.7669,1.2012657,11.076569,278.97174,29.784729,-44.46978
183,0.43517825,8.603318,-1.2196411,160.73767,278.55975,199.63683,-15.809147
184,-0.36589578,8.596261,-1.4732736,116.42868,280.01474,166.05243,-0.5165968
185,-0.6555038,9.194092,-2.3519478,122.33597,284.87222,164.42651,4.577504
186,1.3531789,11.758115,-9.84781,171.02429,310.21127,187.82396,16.25828
187,-1.5411106,8.022556,-6.2831917,142.30707,308.88287,166.21881,22.007805
188,0.29631674,8.567622,-5.389054,171.60089,302.20898,183.14723,30.942951
189,-1.0387284,9.438054,-2.7205257,127.83948,287.14746,159.10254,31.75142
190,1.435751,8.545663,-5.813375,165.00293,305.01938,193.87292,37.663425
191,-1.2628232,10.4273815,-5.275859,136.44232,297.4859,166.539,40.29366
192,1.9410077,9.651462,-6.7522645,178.53168,306.05246,196.03784,45.12532
193,-1.116012,9.376363,-1.7357286,120.085205,282.4118,147.26044,44.381763
194,0.32478574,8.988566,-2.3345768,168.30304,284.69376,187.92015,48.213642
195,-0.581094,11.255399,-3.5795898,151.47119,287.85873,170.7793,47.812836
196,-1.0732633,7.3464684,-3.0056505,133.3819,293.48157,160.3493,49.163807
197,0.04018273,6.960893,-2.5073307,161.9472,289.8115,180.91815,52.478683
198,-1.0047116,7.471025,-2.5162628,169.87079,289.93362,158.23383,55.519375
199,-0.14746921,7.077959,-2.6389942,139.01135,290.47708,176.80157,55.567463
200,0.3504442,7.75812,-2.2493377,86.67871,286.3533,188.85544,57.32677
201,0.07109944,8.701813,-1.68602,84.57947,280.975,182.41473,58.02792
202,-0.8543122,8.264394,0.99872637,15.817322,279.03598,40.54373,44.886417
204,-0.5624822,9.288655,1.2797908,79.520935,278.55875,23.726013,-22.370668
205,0.41432872,9.10242,-3.1328917,226.41483,289.14594,187.53372,0.4218197
206,-0.8209761,6.582792,-2.1139276,252.93439,289.00867,158.77557,18.331308
207,-0.5598077,4.9946065,-2.249039,266.37537,294.89285,166.02258,30.645004
208,-0.5285634,7.120516,-3.0065987,258.93866,293.20578,170.02924,34.45862
209,-0.9605953,6.5054917,-3.2957942,258.6288,297.82047,163.75067,49.600327
210,-0.8928607,7.289433,-3.89557,251.3329,298.73465,167.09082,55.680958
211,-0.44274655,8.773772,-1.9889089,253.28629,283.07443,167.45013,60.07538
212,-1.298298,9.735387,-2.0974007,216.27557,284.21814,148.24237,57.112896
213,0.22660117,9.817784,-3.2555716,175.0542,288.3869,183.9816,61.291412
214,0.1692148,10.059017,-3.0163558,119.18121,286.71698,183.21088,52.53066
215,0.4864566,10.696812,-0.48834357,308.69843,273.68695,224.88908,53.35471
216,-1.5626092,12.263524,-2.4831314,214.07619,283.45438,147.8182,57.28673
217,-0.065560564,12.751714,-5.5204005,227.11795,293.40994,179.31958,62.164528
218,1.2740127,12.139725,-4.704876,214.93982,291.87634,195.15152,64.572754
219,-0.1558096,10.196237,-4.9915757,232.80373,296.09512,178.2121,66.57727
220,-0.17987986,10.645066,-3.8533003,220.40929,289.91922,177.32727,69.24073
221,0.23028678,9.174448,-3.7561805,215.52379,292.30276,183.50833,71.97386
222,-0.883221,8.121401,4.4075127,96.23166,298.9642,11.331421,57.89457
224,-0.062181156,8.765904,1.5172502,153.52228,279.82785,2.3468323,-26.810377
225,0.38389802,10.265391,-3.486971,312.74368,288.86707,186.28267,6.4951534
226,0.35023475,8.845163,-2.2487164,325.49158,284.42902,188.85262,27.04583
227,0.019563256,6.314882,-2.489625,336.70456,291.5173,180.45021,37.753014
228,0.15439437,7.6038947,-2.9120953,345.7833,290.98242,183.03488,41.056156
229,-0.57174546,8.267908,-3.6946945,327.24762,294.33203,171.20337,49.9904
230,-0.5636733,8.930187,-3.719696,323.89844,292.845,171.38312,52.428154
231,-0.51353496,10.107293,-2.9558442,312.7402,286.53235,170.14404,57.055733
232,-1.0449243,10.745566,-3.576628,317.17325,289.12454,163.71411,54.245903
233,-1.0005332,8.585592,-3.5395527,313.25323,293.1913,164.21588,57.437477
234,-0.50429463,7.9027305,-3.5887215,331.5149,294.63492,172.00104,59.649685
235,-1.0023453,7.804975,-3.020128,289.13528,292.1809,161.63959,69.083755
236,-0.018152231,7.7010636,-2.8768415,336.2431,290.48425,179.63849,67.0046
237,-1.2537441,5.735594,-1.8139973,294.0925,291.0297,145.34973,70.05085
238,-0.08620104,5.8385854,-1.7569451,326.96323,286.7666,177.19116,71.349884
239,-0.075191654,8.583844,-3.412845,334.84027,291.687,178.73785,71.6414
240,-1.0674665,7.818643,-3.509339,298.66513,295.1335,163.08136,73.068
241,-0.6690833,10.428018,-4.419163,304.34415,293.20035,171.3905,74.15666
242,-0.29412112,8.978465,-5.813912,308.1277,302.95807,177.10394,74.416695
243,-0.5492154,9.111598,-2.569392,297.51035,286.0855,167.93445,76.914215
244,-0.27827302,9.36645,2.033381,134.18622,282.35907,7.7926636,59.97503
246,-0.4848641,8.337808,2.6028488,255.1062,287.61694,10.552216,-27.518358
247,0.04797253,10.110679,-1.4653181,98.7876,278.2507,181.8751,-39.184902
248,-0.72206855,11.529388,-2.9915116,33.397247,284.94495,166.42993,-14.091469
249,-0.43968615,9.059598,-3.55274,33.558075,291.56116,172.94495,4.4205647
250,-0.72297114,9.16309,-2.6365569,17.830383,286.6129,164.66583,9.563358
251,-0.12505798,8.103931,-2.242333,39.834106,285.4895,176.80786,22.288364
252,-0.16390954,6.7014575,-2.3718662,31.739899,289.5335,176.04681,29.809513
253,-1.1192322,6.698362,-2.9009035,12.923523,294.90036,158.90228,34.682903
254,-0.028555585,5.814471,-1.9117078,39.378326,288.20197,179.14423,38.83778
255,-0.8420599,5.3420863,-2.5247228,18.16452,296.48264,161.55511,44.72097
256,0.075559564,5.616465,-1.5277147,38.405975,285.2344,182.8315,48.72565
257,-0.052203357,7.127177,-2.524409,38.771484,289.50775,178.8153,53.295837
258,-0.14145005,5.9714313,-1.40461,26.71817,283.30118,174.24945,55.294724
259,-0.8291412,6.086094,-2.3312395,15.599213,292.12418,160.42126,57.85519
260,0.10839471,5.652967,-1.750513,35.819427,287.2368,183.54333,60.79147
261,-0.112365745,6.9708524,-2.164563,28.99527,287.27228,177.02838,63.159756
262,-0.4932489,7.064731,-2.4799154,13.890472,289.69247,168.7508,64.341156
263,-0.48988822,6.246723,-2.7597904,31.252441,294.166,169.93433,66.18418
264,-1.4341606,8.569757,1.6692227,233.11206,284.4023,40.668488,59.143185
265,-0.23739956,8.361355,1.7495004,232.81775,281.9231,7.7276,44.110558
266,0.07088449,9.468006,1.7184955,232.05707,280.29608,357.638,31.161543
268,-1.0848998,9.357833,-2.6376424,140.20718,286.94998,157.64197,40.278557
269,-0.093099736,8.407163,-1.941389,141.50925,283.0173,177.25446,53.682487
270,-0.038898844,8.871713,-2.0961888,133.9827,283.2961,178.93689,56.966114
271,1.656918,7.689362,-0.2042657,206.84462,282.24957,262.97202,52.46649
272,0.25308555,7.911049,-0.3465283,147.70615,273.10483,216.14238,54.789345
273,1.3397741,8.052817,-2.3097084,151.1145,288.34454,210.1164,58.621582
274,0.21994708,9.641324,-2.4235556,123.01749,284.16586,185.18561,57.550034
275,0.6206739,13.881993,-3.428058,170.77551,284.08786,190.26263,65.68523
276,-0.59068996,11.515456,-1.3934106,93.837585,277.4873,157.0271,60.07848
277,0.28674194,10.520366,-1.4610964,153.96667,278.0557,191.10326,61.56992
278,-0.07805892,13.283578,-2.2406328,136.67014,279.58005,178.00476,52.793785
279,0.92139167,14.558688,-8.324928,165.9859,299.91226,186.3157,50.83631
280,-0.65196544,12.357143,-5.704834,151.36353,294.9228,173.48035,53.34978
281,0.604968,12.069947,-8.137643,165.62231,304.06134,184.25165,58.97222
282,-0.17656398,9.480557,-1.222601,137.28833,277.42358,171.78235,64.36965
283,-0.30995014,8.951383,-0.8768728,93.44516,275.93167,160.5329,64.953316
285,0.44901183,11.333992,-4.525886,107.22281,291.8646,185.66576,-39.287674
286,-0.7269139,8.757312,-2.3970103,31.610474,285.96182,163.12964,-33.91712
287,0.018283559,10.342086,-2.3782635,41.266754,282.95093,180.44048,-28.92702
288,0.4761313,7.1795306,-1.092592,24.70694,279.42538,203.54668,-16.074322
289,0.055858582,8.721349,-2.1248114,46.558624,283.697,181.50589,-9.456875
290,0.1629691,11.43205,-4.4814,16.29071,291.4182,182.08269,-6.675374
291,-0.05286002,15.451865,-6.7681007,43.648956,293.65463,179.55249,-8.88499
292,0.01344053,12.471791,-3.6985092,13.942108,286.51782,180.20822,-4.473611
293,-0.06113643,11.807366,-2.706566,55.361816,282.91388,178.706,-2.4897194
294,1.1474614,12.086146,-6.039491,32.53421,296.95984,190.75758,-0.90032566
295,0.99242705,13.559638,-10.035816,113.92432,306.63943,185.64754,-0.9159235
296,1.2998743,14.032215,-5.3384113,89.39209,291.3831,193.6849,-0.96125567
297,0.7756726,11.752747,-2.6566973,329.1968,283.25098,196.27615,0.83121705
298,1.7504784,9.081465,-2.4611962,19.351166,288.3955,215.4216,0.13222998
299,1.4395541,8.790854,-1.9925033,52.308075,285.62222,215.84755,-0.4961412
300,0.8990083,9.29127,-3.2699826,53.32538,290.0521,195.37239,-0.9206238
301,0.10466728,9.017148,-1.6657209,355.84885,280.48636,183.59552,-1.9355584
302,1.289105,10.202252,-3.018633,54.084595,287.83453,203.12488,-3.0262055
303,-0.8425681,9.383978,-2.4826982,12.500885,285.60977,161.25403,-6.8889985
304,-0.29025525,10.167552,-0.060603064,316.97388,271.67047,101.79349,-12.813649
306,-0.30347055,9.506705,-3.0212572,285.30783,287.7136,174.26416,31.109818
307,-1.5274667,7.833353,-2.2449348,247.93283,289.11804,145.7684,39.70341
308,-0.40694484,7.9395013,-0.8076168,296.902,276.49823,153.2572,48.238926
309,0.5750287,6.9089923,-1.1113008,351.81097,280.26532,207.35873,56.780518
310,-0.093748204,7.5507493,-2.388505,312.24527,287.56625,177.75232,62.907616
311,0.2651359,5.773455,0.18370289,91.84592,273.19775,304.71667,65.38519
312,-0.22785771,8.248719,-2.0409153,317.45728,283.98013,173.62958,68.16991
313,0.45332965,7.285972,-0.2137944,26.774048,273.93527,244.751,74.02736
314,0.64281994,8.24282,-1.8504639,7.411255,283.36856,199.15637,76.91559
315,0.27363977,9.332069,-2.6783104,288.0636,286.09256,185.8336,80.53962
316,0.19863765,8.767265,-4.628511,182.51282,297.85272,182.4574,73.39287
317,0.18712102,8.493832,-1.9449311,310.75092,282.95486,185.49548,81.59021
318,-1.1327621,9.173248,-2.739503,26.65564,287.90894,157.53528,76.43822
319,-0.68627197,10.212964,-1.0044807,293.19223,276.79288,145.65869,72.65613
320,0.26781014,10.684789,-1.9438677,305.25858,280.40625,187.84436,51.4476
321,-1.6439471,8.895104,-1.3409882,266.46582,283.4146,129.20456,47.44235
322,-0.83318734,9.853675,-0.19480002,232.46869,274.96292,103.159424,37.051697
324,-0.30617687,8.945277,0.17309064,91.91943,272.2515,60.519257,-10.876533
325,-1.2354699,9.477988,-1.3527294,177.35962,280.93985,137.59402,-5.666819
326,-0.43134394,9.106206,-2.2518063,199.61034,284.1321,169.15607,7.0084634
327,-1.1603796,8.772202,-2.652131,187.0085,288.26315,156.36932,14.433027
328,-0.70732003,8.119568,-1.5276451,179.97363,281.71332,155.15521,18.653778
329,-1.8738734,7.7875,-1.0830258,190.26991,285.5319,120.026245,23.16613
330,-0.0904248,6.0192437,-1.4799448,231.4309,283.838,176.50354,31.209385
331,1.6825866,10.361774,-3.5456889,236.73221,290.74487,205.38641,31.649942
332,-0.9288473,5.824051,-1.0831031,196.13857,283.7658,139.38428,37.06182
333,0.027774485,5.800497,-0.97060066,271.46298,279.50314,181.63911,44.09661
334,-0.7744677,7.493017,-0.9795882,252.44818,279.4617,141.66992,49.76623
335,0.72827214,5.7290998,-2.5101159,235.32433,294.52258,196.17929,54.38127
336,-0.051582474,6.5098805,-0.16679399,266.66333,271.5362,162.8153,50.229122
337,0.09752988,5.756539,-1.0393164,267.52286,280.27826,185.36096,53.480473
338,-0.20472753,5.171112,-2.322471,198.49811,294.26898,174.96234,55.058777
339,-1.1626472,6.7044754,-1.1655831,235.52145,283.79623,135.07224,57.681637
340,-0.56098384,5.6186185,-2.015567,208.52548,290.42358,164.44678,58.130257
341,-1.4484911,6.458429,-3.3318079,205.75099,299.359,156.50317,58.187794
342,-0.62670594,9.853371,-2.0468166,258.31915,282.25687,162.9762,57.473217
343,-0.2584335,7.4310164,-0.79241586,225.37296,276.39975,161.93713,54.904858
344,-0.7009161,8.929547,-2.1281536,227.85449,284.08588,161.77051,55.802685
345,0.022939004,9.133645,-0.83737725,228.06549,275.24017,181.56917,57.89309
347,-0.47513303,8.77829,3.7658026,331.1063,293.38324,7.19104,-31.162693
348,-0.6581983,10.804303,0.74660844,356.34195,275.2634,41.398895,-44.96612
349,0.37454048,11.729573,-1.6772681,162.2016,278.33548,192.58786,-54.41724
350,-1.1239825,8.955708,-2.1406472,129.01001,285.1081,152.29755,-32.66829
351,0.23594819,7.717457,-0.55654,152.16077,274.47867,202.97478,-12.674379
352,-1.1663288,9.56867,-2.8113692,114.496,287.64536,157.46832,-4.9746084
353,-0.10713417,6.3991876,-0.8378374,58.651917,277.5193,172.71313,8.967139
354,-0.8737707,10.200222,-3.827259,92.93289,291.0501,167.13965,19.815725
355,-1.3857718,9.437709,-1.4974856,78.497345,282.19882,137.21884,20.203264
356,0.0999786,11.674141,-7.336666,177.06073,302.14987,180.78075,30.325138
357,-0.900232,7.626822,-3.3110588,104.1095,294.22266,164.78973,35.571144
358,0.11644435,6.1832485,-0.66074914,49.376495,276.1928,189.99464,42.56016
359,-1.049782,7.475609,-3.4330852,135.41666,295.65164,162.9972,53.631317
360,-1.0345069,8.598588,-0.9306012,60.709564,279.19232,131.9733,51.496822
361,-0.9872015,10.896028,-4.9678283,165.03943,294.93115,168.76068,57.921986
362,-1.0491947,8.0766535,-2.3987331,103.88849,287.9608,156.37567,57.544285
363,-0.386537,6.6221466,-2.2287977,97.375336,288.8597,170.16113,58.261806
364,-0.5527057,9.892014,-3.8349075,118.29236,291.3894,171.7987,63.836254
365,-0.7575001,8.45994,-0.46597052,38.05603,276.00113,121.59744,62.405396
366,0.13902228,12.209765,-2.6094186,155.01807,282.08014,183.04967,66.246635
367,-1.1671789,10.228011,-3.515918,143.08405,289.9104,161.63538,68.32462
368,-0.25090936,6.4897575,1.0401211,339.76,279.36203,13.562408,56.87201
370,0.23005281,8.449151,1.4226885,215.74811,279.67975,350.8146,-30.518091
371,-1.0045806,10.3665695,1.0966462,257.4812,278.16412,42.49118,-42.02666
372,-0.56031746,9.910174,-3.0105524,24.547516,287.1712,169.45685,-17.062864
373,-0.4119346,7.8735695,-2.3765838,33.932648,287.0321,170.16656,-5.895692
374,-0.34082198,7.3385987,-2.4578302,7.5087585,288.68158,172.10529,5.855788
375,-0.35724655,10.550611,-2.1020348,33.230896,281.42505,170.35461,23.152042
376,-1.142388,9.61407,-2.6808808,29.121338,286.86264,156.91998,25.132185
377,-0.57811224,7.961551,-2.001449,3.7373962,284.6636,163.8888,33.404175
378,-0.5589698,6.7006874,-2.3465426,24.753937,289.79852,166.60126,36.737087
379,-0.73916847,8.037091,-3.108942,10.069458,291.6831,166.62592,37.409454
380,-0.26234397,8.120316,-1.0618688,11.835632,277.67145,166.1225,49.36605
381,-1.5172672,11.94377,-2.1043653,6.6684875,282.25488,144.20804,46.93765
382,-0.28701875,10.964531,-4.823549,92.58359,293.78314,176.59473,54.905342
383,-0.49612346,6.0536094,-2.1674962,29.441223,290.1688,167.10754,59.34224
384,-0.35346344,9.161089,-3.3473778,27.652954,290.17447,173.97223,60.44451
385,-0.088612534,10.117309,-1.5226507,33.996704,278.57303,176.66937,69.263054
386,0.9539404,13.994434,-8.532029,112.337555,301.52795,186.37956,75.955025
387,-1.2272562,9.794148,-3.2224247,28.180054,289.39557,159.15076,77.59949
388,-0.13255933,6.039411,-1.7195822,23.066406,285.93784,175.59192,78.49004
389,-0.47371185,7.7530046,-2.4996784,25.891846,288.1674,169.26917,80.78584
390,-1.3453189,8.892837,-2.667456,0.04260254,288.56955,153.23608,79.303566
391,0.009573254,8.79231,-0.7308795,23.622955,274.7523,180.75043,87.93372
392,-0.49068722,7.2933974,-1.0211505,10.002319,278.8295,154.3346,83.04768
393,-0.40144074,12.362679,-3.189286,53.0224,284.5749,172.8258,84.91888
394,-0.7173292,8.655396,-3.2422314,70.75162,290.98926,167.52454,82.81858
395,-1.3338099,8.877895,-2.5341556,34.62082,287.8781,152.24066,80.405754
396,0.33945894,8.6585455,2.385527,211.75412,285.55118,351.9012,65.16088
398,-0.4209957,9.228508,0.5112992,157.26495,274.10498,39.4675,-17.344784
399,-0.38518322,8.77727,-2.2140067,282.5766,284.36108,170.13074,7.274973
400,-0.7815204,9.992393,-3.7059987,261.11475,290.75864,168.09198,19.063957
401,-0.54213154,7.4468064,-3.056362,284.3939,292.62796,169.94159,31.773056
402,-0.7126327,7.804068,-2.5571344,306.81686,288.7859,164.42767,39.994644
403,-0.3627695,10.143753,-3.1080997,309.3692,287.14423,173.34271,45.072342
404,-1.069069,10.454943,-3.2903872,296.32507,288.31018,162.00067,49.752296
405,-1.2846744,11.4334,-2.7166154,286.8088,284.7261,154.69073,48.469868
406,0.1586466,10.155677,-1.2660195,320.29697,277.1609,187.14258,55.11272
407,-1.1180307,11.238328,-1.6919225,273.0929,280.2289,146.54306,51.88317
408,-0.04876423,10.033166,-2.855818,286.9117,285.89053,179.02173,58.757915
409,-1.4399263,12.772281,-3.7936008,261.50955,287.62476,159.2149,57.615616
410,0.46507207,10.580515,-4.9339056,278.84613,295.09778,185.38483,62.613934
411,-0.8719607,8.390856,-3.8491764,271.02026,295.1903,167.23615,60.78529
412,0.62044716,10.610284,-5.007323,274.3927,295.43295,187.0634,67.881775
413,-0.80333537,7.898027,-4.9837193,219.41515,302.5848,170.84314,65.37254
414,0.033780854,8.818843,-5.0037265,251.10872,299.5707,180.3868,67.25545
415,-0.39048252,7.2237687,-2.308614,315.62714,287.95883,170.39978,68.26322
416,-1.769214,7.7515984,-2.6505806,268.0381,292.34833,146.27762,72.113365
417,-1.0281285,9.493228,-3.1712468,278.76422,289.3498,162.03717,70.5939
418,-0.3787901,8.404497,2.290766,158.42627,285.44363,9.389191,58.364567
420,-0.4635255,9.923962,0.8349147,64.09384,275.49646,29.038025,-20.412735
421,-0.69305426,9.227505,-3.3408575,195.81487,290.2925,168.28033,3.2626514
422,-1.1696492,11.357063,-3.6951463,193.10307,288.84332,162.43555,15.905335
423,-1.5695945,10.693077,-4.2674155,166.54456,293.0362,159.80603,18.82233
424,-0.36448884,7.202395,-3.1198585,223.35806,293.56277,173.33643,27.9548
425,-1.0012488,7.0505986,-2.1879146,176.32172,288.84305,155.40991,34.30085
426,-0.28779808,6.1524734,-1.8358016,232.85335,286.80582,171.09027,41.576347
427,-0.54565233,6.6581097,-2.8728306,225.68591,293.71072,169.2456,46.184494
428,-0.29660705,5.180118,-2.393799,216.25255,294.96887,172.9367,49.083694
429,-0.6424183,6.06666,-2.7938185,209.5172,295.2925,167.05035,51.680393
430,-0.545875,10.805585,-3.9014206,240.63805,290.0305,172.03503,53.763496
431,-0.6404998,10.991843,-3.0951636,243.57472,286.04276,168.30847,57.534252
432,-1.5595883,11.113323,-3.1729593,229.36378,287.64767,153.82477,56.232506
433,-0.25853118,10.581548,-2.2298267,248.9285,281.9771,173.38654,59.344044
434,-1.6710726,11.269338,-2.3785312,211.33539,284.46387,144.90948,60.424015
435,-0.11081698,10.235598,-2.077536,237.78549,281.4894,176.94672,64.09603
436,-1.4495145,12.349541,-3.189025,223.44203,285.83618,155.55664,61.62291
437,-0.0935475,8.379764,-1.4601883,246.43004,279.9045,176.33435,64.8769
438,-1.6043664,11.605179,-2.0533292,211.20284,282.65512,141.99774,63.677822
439,-0.16837353,8.617671,-1.4095341,242.04729,279.3541,173.18811,66.85435
440,-0.69061184,12.953445,-1.2441655,221.86719,276.269,150.96622,65.59226
441,0.3441747,10.433003,-0.29788113,307.0157,272.4981,229.12401,67.57801
442,-1.5477642,10.983109,0.31554982,133.71216,278.1842,78.476776,59.65216
443,-0.2675605,11.39202,2.1990783,59.7966,281.0044,6.937042,48.587955
444,-0.44475007,11.372756,1.9245757,63.521667,279.85324,13.012054,37.194466
445,-1.5578057,10.045064,2.913023,101.92459,288.2039,28.136658,28.138294
446,-1.2895797,9.267966,2.106191,105.37839,284.92087,31.478333,22.980495
447,-0.81617135,9.301785,2.0534627,67.524414,283.3634,21.675903,16.458307
449,-0.87359786,8.292619,2.3738651,346.68088,286.96335,20.203949,-24.357346
450,0.1081804,9.427176,-0.921751,153.2044,275.6225,186.69383,-34.279213
451,-0.4176054,7.998762,-2.7052267,134.04947,288.89154,171.22455,-5.8976154
452,-0.48293272,10.911434,-2.4296007,155.26569,282.7906,168.75781,11.309555
453,-0.96849513,13.042127,-3.876907,131.6232,287.03482,165.97394,22.92863
454,-0.0925054,9.723507,-3.878095,149.90451,291.74954,178.63354,36.36074
455,-0.024444163,8.157214,-2.2300286,100.99106,285.29086,179.37201,43.94795
456,-0.37003508,6.8490577,-2.268685,37.676086,288.55264,170.73633,47.828484
457,-0.6875913,6.0935884,-3.813303,105.805756,302.4515,169.77863,54.071693
458,-0.22649409,8.544413,-4.3835955,116.2442,297.19052,177.04224,55.662586
459,-0.18603773,8.33487,-0.7558551,151.81299,275.33554,166.17267,63.8869
460,-0.05680241,10.193306,-5.8970795,144.83496,300.0516,179.44812,66.019936
461,-0.58784235,13.372382,-7.2688174,167.41809,298.6056,175.37646,69.68174
462,-0.5916353,13.664012,-7.9114037,139.29413,300.13998,175.7232,70.32156
463,-0.3164297,10.696324,-2.9261234,105.80472,285.38467,173.82806,72.09422
464,-0.22589551,7.4750333,-1.9123077,73.60867,284.4456,173.26306,73.70628
465,0.21284246,7.989151,-2.54688,80.05936,287.7397,184.7771,73.00573
466,-0.4474577,7.522058,0.079513334,37.981873,273.45746,79.923706,65.8874
467,-1.6836196,9.482525,0.5313079,45.267822,280.54663,72.48563,60.7793
469,-0.4342337,10.250957,-0.62679607,15.988342,274.25412,145.28644,-17.677362
470,-0.46000442,8.787682,-3.1706383,58.71762,290.03098,171.745,7.0718536
471,-1.390452,6.7821593,-3.4393625,25.646332,298.67834,157.98767,24.619766
472,-0.71994686,7.029715,-2.8928452,23.751648,292.9803,166.0246,36.52002
473,-0.675975,7.3715897,-2.5701134,34.95096,289.82468,165.26416,47.051018
474,-0.07724639,7.4786086,-2.7907715,32.615875,290.47113,178.41449,51.77053
475,-1.0454482,8.465679,-3.731313,9.811157,294.59506,164.34808,56.60987
476,-0.2751136,8.717952,-3.3189633,16.02179,290.90738,175.26154,59.258686
477,-0.15923898,11.257629,-3.0136917,25.898926,285.00674,176.9754,65.58696
478,-1.3450683,8.584807,-1.5053339,348.31857,283.23273,138.21811,62.74001
479,-0.13235258,8.503147,-1.3363863,27.582092,278.97473,174.344,64.966995
480,-0.843415,11.82685,-6.4448123,84.04663,298.79218,172.54425,62.229332
481,-1.2941762,8.975128,-6.384182,85.538635,305.97168,168.54053,64.35137
482,-0.322239,9.794784,-3.9259996,40.85492,291.90866,175.3078,66.510506
483,-0.896799,8.989146,-4.0068107,16.959717,294.54938,167.38403,68.48897
484,-0.96600324,10.2050295,-3.959049,28.61734,291.7684,166.28784,69.23501
485,-0.3386543,7.053126,-2.3688,6.632843,288.74033,171.86389,71.19094
486,-0.7544667,6.442949,-3.3614006,0.12020874,298.13333,167.34961,74.87311
487,-0.3040276,7.8962975,-3.3053577,8.443115,292.80008,174.74469,75.70506
488,-1.336429,7.253834,-3.3603287,343.15546,296.4981,158.31189,77.82968
489,-0.666433,9.356776,-3.643932,7.7907715,291.59875,169.6358,77.988205
490,0.02509739,9.777688,-1.9520396,1.6047363,281.29114,180.73662,79.24356
491,-1.7081409,13.1028595,-2.7658355,342.4813,283.93356,148.30112,75.83409
492,-0.22579193,10.112242,1.4731921,215.36742,278.38416,8.713745,60.643826
494,-0.3793987,8.522733,1.4691659,116.80615,280.095,14.479767,-26.351923
495,-0.8859183,9.928337,-3.0434382,247.87044,287.70642,163.7702,-10.63906
496,-0.19556534,6.9438243,-2.7073078,285.7559,291.35068,175.86835,10.053729
497,-0.41149354,6.232008,-2.0423086,296.33292,288.4847,168.60828,20.654358
498,-0.1372316,5.8663983,-2.317241,300.81573,291.58844,176.61078,29.689137
499,-0.042583764,6.6155343,-2.7459643,315.8014,292.5447,179.11157,38.86338
500,-0.15154341,6.439541,-2.5977724,301.68253,292.0034,176.66138,45.618156
501,-0.9881692,9.880039,-4.051449,297.66217,292.88388,166.29291,51.14758
502,-0.004068053,8.283085,-3.1424057,299.70633,290.77557,179.92584,53.347088
503,-0.7380872,11.104495,-4.001406,302.34317,290.12384,169.54889,58.3214
504,-0.5945378,10.364478,-3.5038188,292.11676,288.92645,170.36963,60.297306
505,-1.0258193,12.053093,-3.893697,287.92596,288.47287,165.24042,62.55127
506,-1.3538179,12.469987,-4.0094357,273.02304,288.74524,161.34235,64.315865
507,-1.1278607,10.5384035,-3.9001358,283.509,291.06927,163.87091,64.164215
508,-0.6136818,11.428691,-3.995601,299.5892,289.47925,171.26819,65.506195
509,-0.31272778,11.999447,-2.7189357,313.6993,282.84836,173.43878,69.08222
510,-0.53197294,9.068694,-3.065583,299.89142,288.93668,170.15546,71.52509
511,-0.387792,10.495839,-2.140827,295.52145,281.7109,169.73273,73.612015
512,-1.7790984,9.1680155,2.935585,148.45773,290.52652,31.217773,61.374355
514,-0.57398707,9.238427,-1.4102955,198.56017,279.359,157.85376,-10.123225
515,-0.41895023,9.811074,-3.4051855,205.84782,289.27438,172.98596,5.5732746
516,-0.84042114,11.759777,-4.2032027,216.1773,290.0266,168.69293,19.85091
517,-0.088636674,11.4748535,-3.4026773,241.98506,286.52216,178.50781,29.723179
518,-1.1375294,11.153783,-2.1596055,221.38567,282.34393,152.22284,41.780437
519,-0.17092912,8.864705,-1.6287203,248.97255,280.4668,174.00891,46.42279
520,-1.4858845,11.383542,-4.910643,210.91454,294.26093,163.16498,49.74394
521,0.39572403,12.477521,-4.263265,240.33943,288.93936,185.3031,56.592865
522,-1.5749553,12.111638,-3.7596443,215.09567,288.60077,157.27069,59.188946
523,-0.532773,13.8207445,-5.6164746,230.37363,292.2055,174.58118,62.015663
524,-1.5275793,13.394253,-4.8504252,216.73027,290.78986,162.51886,63.950573
525,-0.14717431,12.437855,-4.8626223,231.28871,291.3621,178.26642,67.10498
526,-0.3997488,11.380131,-4.409237,226.36008,291.25803,174.81964,69.6421
527,-0.017756104,13.66484,-5.276394,233.45578,291.11316,179.80719,73.095314
528,-1.051335,9.921695,-5.352739,209.77611,298.80228,168.88794,73.264565
529,-0.6182977,9.685699,-4.1369457,228.74318,293.35773,171.49963,75.21581
530,-1.2903019,9.583024,-5.4428287,214.27042,300.2724,166.66339,76.18034
531,-0.63909787,9.4511595,-4.6184998,226.02684,296.25833,172.12158,78.852356
532,-0.3400229,7.464943,-4.303557,218.69725,300.04074,175.48248,79.6961
533,-0.4568595,5.845842,-2.8596573,230.1432,296.35294,170.9231,81.430824
534,-0.40034246,5.7718983,-2.2012184,250.70459,291.18753,169.69208,83.506386
535,-0.21519876,6.3135715,-2.593875,256.0356,292.40405,175.25739,83.84347
536,-0.35788503,7.1664033,-1.5253963,219.1528,282.3327,166.7962,83.32935
537,-1.1442212,8.815972,2.1075172,95.879425,285.21725,28.498596,72.11748
