0,-1.1072187,9.466777,4.163846,205.00479,294.47134,14.891052,-29.475489
1,0.5739887,7.9876933,2.3846734,197.76823,287.07016,346.4664,-47.072174
2,1.1983972,10.941616,-2.0609896,113.75476,282.2921,210.17657,-66.09865
3,0.04028363,9.813439,-2.3056223,45.480255,283.22354,181.00096,-28.013794
4,-0.6911435,14.489521,-3.63193,47.497803,284.314,169.22565,-11.895868
5,-1.3679156,15.392825,-3.741476,358.37473,284.50995,159.91718,4.779701
6,-1.3965243,14.858231,-4.8006997,19.952179,288.59775,163.78027,21.596058
7,-0.6753623,11.697189,-2.483012,48.154846,282.40665,164.78406,30.935432
8,1.1137642,9.66081,-1.7616047,57.826447,282.17404,212.30289,43.26625
9,-0.9299763,8.655832,-2.633784,0.60272217,287.88434,160.55212,46.211815
10,-0.71145827,7.123155,-1.0398297,335.28604,280.03058,145.61981,58.950184
11,0.36719313,4.603484,-0.91834855,31.528534,282.12543,201.79355,63.794
12,-0.70988894,3.2340572,-0.19013233,273.2602,282.80252,104.993835,70.39267
13,0.30781844,4.9985757,-0.20833476,67.51544,274.25272,235.90944,69.3504
14,-1.1854206,6.018375,-0.22730649,307.07492,281.34055,100.8548,70.65581
15,-0.50732803,7.6861167,-0.47362444,321.64374,275.1598,133.0322,74.924385
16,-0.03807829,9.875791,-1.6974531,44.17868,279.75513,178.7149,75.47222
17,-0.7073582,8.095139,-0.7369973,318.26147,277.1922,136.1756,78.79769
18,0.2960598,8.7172365,-2.0588586,69.82309,283.4205,188.18294,78.8003
19,0.20985357,11.200169,-1.7094973,354.30392,278.74228,186.99846,83.66252
20,0.107420176,10.356978,-2.082021,40.18036,281.38116,182.9535,82.512764
21,0.45960903,7.4286475,-0.7383983,16.409912,276.67786,211.89981,85.809975
22,-0.4948975,9.123437,0.9081225,218.63277,276.46735,28.588959,62.978455
23,-0.042285845,9.613273,2.9848168,180.98589,287.25064,0.8116455,43.124523
25,-1.8077458,10.014875,-3.478141,248.83484,291.37564,152.53705,45.83195
26,-1.2866671,11.904954,-2.6449246,243.4872,283.8778,154.05865,39.46337
27,-0.5279784,13.001197,-1.6525855,283.34683,277.60062,162.28204,42.865314
28,1.4057647,10.711175,-1.0998492,3.7495422,279.46072,231.9609,51.02724
29,-0.09097251,11.774646,-1.3052524,304.81577,276.34082,176.01306,56.062702
30,0.729168,10.853353,-1.5672277,345.2647,279.04916,204.95067,59.027405
31,0.14497414,6.628307,-1.4117142,298.8708,282.08475,185.86336,63.313217
32,-0.4343021,5.74301,-0.8857963,288.19946,279.74713,153.88147,65.18093
33,-0.008385786,5.27133,0.05964036,149.18478,270.6546,8.003662,66.04504
34,-0.42042518,5.675243,-0.37011954,285.84607,275.63666,131.35895,67.45058
35,0.30526802,6.01807,0.17668611,94.03473,273.35428,300.06183,72.22145
36,0.23273396,8.39437,-0.8605134,356.49817,276.0618,195.13411,78.80441
37,-0.052632112,8.423589,-0.024668226,280.32495,270.39514,115.11209,82.53937
38,-0.94023734,11.171954,-2.1353567,304.98334,281.79633,156.23523,85.1506
39,-0.62213,12.260774,-2.267164,313.38885,280.85455,164.65521,89.05774
40,-0.80434996,14.959396,-6.7677865,284.41522,294.49374,173.22223,90.962364
41,-1.6771172,12.319139,-2.160906,239.21086,282.51898,142.18433,86.24711
42,1.1873794,11.787083,-0.9880263,349.05817,277.46603,230.23593,90.22491
43,-1.7898183,9.841222,-1.8159367,222.52989,284.52515,135.41501,90.998055
44,1.1809821,10.885071,-1.7547559,322.4821,280.99652,213.94125,95.848755
45,-1.3482666,10.722575,0.14896898,178.14197,277.21,83.69501,92.296715
46,-0.46688867,10.268549,-0.5571745,233.76454,274.04938,140.03842,94.40873
47,-0.17856324,10.171838,-0.85516125,270.66544,274.9088,168.20575,101.16292
48,-0.6870384,10.244731,-0.43772808,220.86072,274.54645,122.50217,76.1543
50,-0.183392,9.675795,-0.182079,155.0567,271.52997,134.79416,-33.45991
51,0.4212353,9.880413,-0.7633748,226.42606,275.0429,208.89021,-50.014946
52,-0.17726313,8.295821,-2.0980513,193.25523,284.24127,175.1706,-18.580147
53,-0.7096911,7.9287696,-1.5503197,159.14697,282.13632,155.40308,-10.653299
54,0.25587317,8.51869,-1.7582908,201.20845,281.7817,188.27979,9.313391
55,-0.6125963,10.0814705,-2.570567,184.26413,284.68793,166.59576,13.736181
56,-0.068426244,8.478246,-2.0252466,204.7327,283.4422,178.06488,33.535294
57,-0.14963819,8.638167,-2.6763203,191.37921,287.2396,176.7998,40.37073
58,0.570876,12.4751625,-3.7063906,223.82837,286.73105,188.75616,51.057713
59,-0.18867026,12.105784,-3.004936,237.30167,283.96677,176.40729,60.464592
60,-1.8198138,12.549176,-5.6294866,158.21887,295.24158,162.08582,62.341343
61,-1.7473761,11.015457,-0.9383885,109.43359,280.2071,118.237,56.58448
62,0.74461055,10.189015,-1.049081,281.9194,277.1961,215.36613,67.00354
63,-1.9986342,9.535367,-1.5379748,157.12598,284.81424,127.578766,62.32981
64,0.3273256,10.507071,-2.7395046,253.42809,284.7128,186.8136,39.916584
65,-1.2703768,9.9512,-2.825051,156.82336,287.28998,155.78735,38.088722
66,1.0247833,8.3317995,-0.491142,320.09537,277.7668,244.39326,51.92139
67,-1.2311205,9.451276,-1.6095201,150.02936,282.10117,142.58765,51.69702
68,-1.5292448,9.887821,-2.7162056,195.24168,287.4973,150.62015,59.296806
69,0.052603215,10.7594385,-0.7202887,216.67357,273.8401,184.17694,70.90779
70,-0.13430797,8.187492,0.8891871,46.708435,276.26797,8.589355,48.60869
71,-0.37079048,9.954914,0.78974444,55.40207,275.00867,25.15039,33.595245
72,-0.4698274,9.733692,0.8733711,62.17224,275.81757,28.277893,20.27358
73,-0.30289912,9.742162,0.98204345,45.02536,276.02185,17.141724,10.199561
74,0.16414647,9.880516,1.1246172,16.89972,276.56177,351.6959,0.5453415
75,-0.10777972,9.875743,0.86036754,39.621887,275.0177,7.1403503,-8.15707
76,-0.1506872,9.756795,0.84937876,43.296753,275.0526,10.060089,-14.847897
77,-0.22428499,9.699813,0.7743818,51.93466,274.75122,16.152649,-21.095951
78,-0.026661105,9.7781,0.82727724,33.411926,274.8385,1.8458557,-27.57383
80,-0.8877321,8.852117,-0.05579832,81.65915,275.73798,93.59659,-31.248425
81,-0.22769247,8.583529,-2.3633864,164.62415,285.46222,174.49701,9.311104
82,-0.17105806,7.815252,-2.66658,160.9873,288.87573,176.32959,28.746767
83,0.34865347,5.782246,-1.7392368,161.95728,287.05463,191.33546,40.4114
84,0.0073504956,6.1681213,-0.84761477,112.5618,277.8248,180.49686,46.920288
85,-0.4820825,6.247116,-0.70594245,68.78415,277.79187,145.67114,51.885292
86,0.2260723,9.200095,-1.016981,174.67273,276.46057,192.53291,58.822006
87,0.50519603,10.870376,-1.67039,109.29431,279.12036,196.82751,61.062443
88,1.6738175,13.509048,-3.2115822,185.25269,285.00732,207.5277,67.534256
89,1.397226,13.837037,-2.132929,198.41306,280.44107,213.22775,70.62307
90,-1.0688776,15.363408,-7.6647124,139.8558,296.73538,172.06104,65.9487
91,0.100639366,15.128718,-6.87439,150.4234,294.43906,180.83875,66.799324
92,0.45558262,14.36615,-3.9389222,129.93402,285.42996,186.59761,60.023167
93,1.5274072,13.646724,-1.7214837,196.20232,279.57236,221.58142,63.198265
94,-0.3859147,11.149445,0.22129214,355.14227,272.28482,60.169067,59.21846
95,-1.2836407,9.338161,0.0978779,46.73416,277.84933,85.63962,54.039154
96,1.8281217,10.795188,-1.9438386,199.62712,283.88446,223.24283,46.906223
97,-1.1054881,10.954861,0.2084903,13.398834,275.86325,79.3197,44.581375
98,1.9694136,9.653882,-2.1572905,198.05603,286.83463,222.39328,47.077297
99,-1.2724403,11.584243,-1.3770547,78.43573,279.19376,137.26114,44.276287
100,-1.450449,9.904687,-2.3435676,88.4133,285.54993,148.24637,42.976562
101,0.92973715,9.029408,3.0729883,275.68427,289.5737,343.16672,27.277617
102,-0.26811945,9.618476,0.5456746,342.39886,273.61694,26.167389,19.575487
103,-0.11081136,9.777515,0.26844206,337.70435,271.70123,22.430573,14.754965
104,0.14062627,9.723668,0.397558,295.39822,272.48325,340.52002,6.8729753
106,0.0853019,9.3212595,2.51303,204.76485,285.09662,358.0559,-31.069807
107,-0.1388713,9.7113285,0.8627973,212.66383,275.14206,9.143616,-46.29063
108,-0.022450825,9.293321,-1.6507696,33.115295,280.07324,179.22083,-9.412613
109,-0.5671977,10.352214,0.86433834,235.72894,275.70294,33.273773,4.9760294
110,0.31055725,12.0242815,-3.5590017,46.26523,286.54718,184.98697,21.977242
111,-0.7724859,9.396552,-1.385465,348.60706,279.58194,150.85751,33.296387
112,-0.29565048,5.570311,-0.9258058,4.3003845,279.8969,162.28943,42.388233
113,-0.30725038,6.027844,-1.5647545,14.025452,284.81784,168.89093,49.410633
114,0.4262133,6.528067,-0.97335863,53.755188,279.24506,203.6476,56.177128
115,-0.38343236,9.5691595,-1.1050743,6.152252,276.96912,160.86456,56.74941
116,1.7633091,11.402307,-0.035200924,121.88107,278.79257,268.85635,63.17382
117,-0.2644827,10.023822,-0.5081114,2.4881592,273.2707,152.50208,64.25764
118,0.29992118,11.656658,-5.970896,85.32358,297.15222,182.87558,68.13178
119,-0.012363687,12.459929,-5.0830135,55.785492,292.193,179.86066,70.32834
120,0.1739664,8.745718,-2.4505718,25.138824,285.69046,184.06062,73.97631
121,-0.2887253,9.080363,-1.9424063,26.006866,282.20303,171.54529,75.13794
122,0.18549298,6.459181,-0.7997331,15.203369,277.24347,193.05849,78.96175
123,0.003339236,7.308914,-2.2276855,24.589813,286.9507,180.08589,83.35492
124,0.42290595,7.5000224,-1.205557,32.51935,279.66718,199.33073,80.58407
125,-0.7674286,8.790568,-3.045758,356.35126,289.6623,165.85779,84.713165
126,-0.44514862,10.533725,-2.4389837,2.506958,283.2444,169.65656,83.38112
127,0.47978678,10.967262,-2.1388032,26.695343,281.3024,192.64357,87.250885
128,-0.32943788,8.231662,-0.70487267,4.526428,275.3996,154.94989,81.49804
129,1.0407618,8.340061,-0.89195603,79.48581,279.33304,229.40268,57.817978
130,-1.3166925,11.192108,-2.8611767,5.639374,285.7173,155.28845,54.599586
131,1.0340713,9.120177,-1.3512799,79.05179,280.56815,217.42514,34.158073
132,-0.8160879,13.74327,-8.624169,91.67648,302.22415,174.5943,33.478664
133,1.8494458,12.443793,-5.697063,123.798065,295.70355,197.98506,42.243202
134,-0.79691315,11.061844,-3.2197754,46.909546,286.69153,166.09833,43.259766
135,-1.44778,9.621873,-0.009952456,311.8855,278.55716,90.39386,39.22765
136,-1.1368368,8.234076,4.6662126,203.80605,300.25378,13.692322,28.275337
138,-0.21211421,8.887059,2.0133228,135.07083,282.83295,6.014221,-28.090158
139,0.22963054,9.739757,-1.4459292,294.808,278.54852,189.02388,-47.990612
140,-1.0827724,8.142232,-2.7179334,261.20905,289.7644,158.27863,-26.158493
141,-0.22075367,6.981842,-1.934107,302.85977,285.57944,173.48859,-5.9762974
142,0.08225401,6.890829,-2.060518,323.91122,286.66043,182.28598,7.088169
143,-0.19205885,5.8048477,-1.9316474,321.933,288.4902,174.3219,19.009434
144,0.0895735,6.1245594,-1.3466402,323.2347,282.42715,183.8055,28.581936
145,-0.46330705,6.5496483,-1.9715108,309.9388,287.18216,166.77539,34.731613
146,0.2613677,6.4148374,-1.8072776,327.5101,285.88977,188.22903,38.489456
147,-0.27696875,5.498469,-1.8111658,318.2809,288.4293,171.30554,44.79197
148,0.28384933,5.977806,-1.266286,334.59415,282.2482,192.6345,49.546722
149,0.1185585,6.6306024,-1.5851606,338.60977,283.48138,184.27734,52.80528
150,-0.08391962,6.370807,-1.2218714,316.31772,280.88202,176.07104,54.358215
151,0.11795544,7.68996,-1.8846183,339.93057,283.7963,183.58139,58.146957
152,0.32656282,6.897926,-1.988165,329.03714,286.28247,189.32774,61.629597
153,-0.0032300751,6.386149,-1.471203,337.0265,282.97314,179.8742,62.557583
154,-0.111925475,7.1078415,-2.0247114,315.8856,285.92297,176.83594,66.22276
155,0.17667519,6.110129,-1.1866611,348.63394,281.10886,188.46825,69.12915
156,0.16567115,10.059095,-3.2535489,317.78177,287.9452,182.915,70.856155
157,-0.028600186,9.303515,-3.4409943,320.00842,290.29803,179.5238,69.67131
158,0.04322963,9.105663,-2.7612102,326.97928,286.8714,180.89694,73.08447
159,0.21825099,9.892877,-4.512873,317.06604,294.54654,182.76878,71.087944
160,0.45770526,10.386535,-3.0694635,323.81653,286.63568,188.4812,72.873634
161,-0.09847356,9.387227,-3.5311496,308.3361,290.62192,178.40259,72.50031
162,0.12980558,11.235843,-7.18644,296.24136,302.6072,181.03479,74.124886
163,-0.58001035,10.512241,-3.4945905,288.01987,288.6227,170.5763,71.624695
164,0.2853564,9.18335,-3.5414522,291.6532,291.15088,184.6067,74.210266
165,-0.7663193,11.459884,-6.469683,249.31024,299.6181,173.24493,73.15653
166,0.98302203,13.5115595,-5.1987796,295.60736,291.3845,190.70747,77.43617
167,-1.5249233,9.622757,-6.535959,227.84909,304.89426,166.86707,72.79069
168,0.25585726,8.776914,-3.2667358,283.53232,290.47244,184.47838,73.97003
169,-0.861423,8.490659,-2.0179765,276.34958,284.48932,156.8836,73.33541
170,-1.268189,8.735961,3.6084948,130.05078,293.6452,19.3638,59.511696
172,0.15433836,8.582858,2.7144601,12.829041,287.57697,356.7458,-30.034239
173,-1.0463085,11.96764,-2.5128262,171.46222,282.81357,157.3938,-31.307009
174,-0.34632874,13.795835,-5.084566,187.32918,290.27484,176.1034,-7.8940945
175,0.49185082,12.812892,-5.1848288,177.02124,292.12045,185.41905,1.3626127
176,0.0024832387,11.950809,-1.8226146,204.83809,278.67133,180.07806,14.038153
177,-1.0824299,12.687087,-2.7093723,153.31873,282.9509,158.22266,16.2884
178,0.15750983,11.342284,-3.3851922,206.44908,286.63513,182.664,30.517147
179,-0.8953421,9.849864,-1.6493683,165.94446,280.78735,151.50516,30.834072
180,0.07546226,10.471535,-1.4723681,217.51395,278.01407,182.93398,38.770756
181,-0.50521755,12.872016,-2.0620544,182.78279,279.36575,166.23334,39.967033
182,0.43654886,13.070388,-2.4304562,222.49907,280.6986,190.18266,46.103718
183,-0.57755667,10.493674,-2.12167,194.2739,281.8347,164.77203,47.187862
184,0.5041612,9.030289,-1.4172307,237.33893,279.45728,199.58235,52.264645
185,-0.42918524,9.507272,-1.7837964,196.57718,280.9226,166.47168,52.06445
186,0.47998437,7.2713437,-1.6287154,228.55864,283.14392,196.4203,55.446056
187,-0.1470318,10.749596,-2.6422217,210.27516,283.82996,176.81494,57.25194
188,0.63782746,10.477241,-1.7165747,256.3024,279.91418,200.38354,60.518265
189,-0.3587521,9.107914,-2.5868003,228.78351,285.99945,172.10425,59.309505
190,0.063012615,8.813012,-2.5248067,256.001,285.99103,181.42966,63.24825
191,-0.24142951,9.636181,-2.2182138,231.29239,283.0374,173.78839,64.46891
192,0.065248966,8.464213,-2.9698346,248.71288,289.33875,181.25862,74.081795
193,-0.5761124,10.306229,-2.2193534,195.30746,282.54276,165.448,67.79598
194,0.28643075,7.734745,-0.7044692,289.3592,275.6152,202.12622,70.30984
195,-0.12847823,5.177159,-0.7891411,184.45992,278.77905,170.75293,65.65385
196,0.5151052,12.940938,-3.9811573,213.81598,287.23413,187.3723,66.54705
197,-0.24908431,10.590835,-2.7067654,204.13667,284.39462,174.74231,63.90098
198,-0.558028,8.091336,1.940876,43.797516,284.01404,16.04065,51.39052
199,-1.5233402,10.250677,1.5042378,79.528046,281.7967,45.36151,38.757904
201,-0.35729066,9.026309,0.78135246,352.94855,275.4373,24.573303,-24.176535
202,-0.23547964,8.72171,0.8729873,322.4816,275.9188,15.095703,-31.08325
203,0.48376727,10.628705,0.30095342,244.40509,273.06842,301.8859,-9.500685
204,-0.12502605,10.400876,-5.807997,144.2575,299.18527,178.76678,4.1650305
205,-0.064539954,10.109914,-3.8056164,160.73785,290.63028,179.02838,18.174988
206,-0.7222398,7.9471908,-2.389737,91.8826,287.43933,163.18384,26.130667
207,-0.57119274,7.2623134,-2.0444205,80.55835,286.2932,164.39014,34.28063
208,-0.11720089,5.85,-1.9937633,89.484375,288.85004,176.6358,41.56631
209,0.14613621,7.188904,-3.046894,106.612274,292.9925,182.74594,43.97484
210,-0.6393641,6.9341073,-3.3363934,122.55426,296.1008,169.15173,54.064198
211,-0.03178611,7.0394897,-2.1216962,112.803375,286.77454,179.14172,57.681637
212,-0.62038165,9.30619,-3.4624865,138.18839,290.70596,169.84198,63.46798
213,0.2659332,9.193615,-2.3007784,133.89996,284.13995,186.59322,67.51806
214,-0.44394353,10.612708,-3.539585,126.30829,288.57938,172.85114,73.56607
215,-0.6218473,9.926694,-2.689665,94.908295,285.54126,166.982,73.23267
216,0.25287673,10.8914,-2.2663746,142.28833,281.82574,186.3666,76.48522
217,-0.8330229,9.80276,-1.0741211,72.444305,277.89453,142.20502,73.629425
218,0.8754585,13.743876,-9.314181,138.0087,304.2425,185.36958,73.006935
219,1.8172032,10.796004,-7.820128,164.57898,306.63647,193.08194,77.695946
220,-1.3958755,13.874206,-5.134618,116.36429,290.98257,164.79138,73.772156
221,1.1277415,12.279735,-6.201649,154.21533,297.17203,190.30635,76.20496
222,-0.31851038,12.024611,-5.1358647,132.46368,293.1677,176.45123,77.26029
223,-0.25425753,8.548974,-2.0898688,93.03845,283.83444,173.06335,79.57608
224,0.020149894,9.159873,-3.013814,125.29013,288.2128,180.38306,80.33901
225,-0.21415986,8.4054785,-2.1143548,100.7565,284.18887,174.21631,81.656525
226,-0.035099205,6.362564,-2.3925169,94.81091,290.6098,179.15948,82.99093
227,-0.46095762,9.530398,-3.0691814,98.101685,288.038,171.45862,82.27865
228,0.0490979,10.541728,-2.4123025,140.12628,282.89188,181.16599,84.361946
229,-0.61793,9.05907,-1.2378445,83.480286,278.68314,153.47168,79.667595
230,0.65559673,9.9404955,-1.6621462,167.4403,280.1899,201.52565,85.56167
231,-1.484197,12.1023035,-6.4692726,122.10162,298.74194,167.07867,80.03319
232,1.0503757,14.107327,-5.5532665,168.44,291.8322,190.71071,83.66936
233,0.02869046,9.168011,-1.5679399,109.66745,279.7066,181.0483,85.34786
234,0.5583829,8.134373,-1.0759475,100.91324,278.476,207.42789,85.07381
235,-0.5553181,6.8696494,-1.8005725,112.78821,285.3383,162.85962,86.34215
236,-1.0360851,10.266072,-1.6567048,111.65155,280.77655,147.97858,83.43342
237,-0.35290578,9.623381,2.5434506,310.19717,284.94022,7.899414,69.436745
238,0.012019053,10.543218,1.8728881,319.4811,280.0731,359.63232,56.363216
240,-0.5698381,8.374123,4.163813,197.01727,296.65018,7.7927856,-27.555017
241,-0.49041808,9.757736,-2.5258715,346.42722,284.7722,169.01227,-28.78852
242,-0.18373422,9.086517,-1.6900644,346.6838,280.5971,173.79547,-12.1392765
243,0.21460003,8.354206,-4.4251685,348.3451,297.9377,182.7764,-0.61846066
244,-0.45212984,8.122386,-2.3908167,350.7893,286.67642,169.2912,4.3404703
245,-0.70610976,8.392933,-2.2667959,345.58896,285.79535,162.69812,13.838768
246,-0.1006045,6.0978374,-2.076854,359.61716,288.82877,177.22675,21.69325
247,-1.1903803,8.073057,-3.5284193,346.97287,294.76218,161.35718,29.796144
248,-0.1750456,7.8645873,-2.68127,358.90018,288.863,176.26477,32.70935
249,-0.9737694,6.798222,-2.8736775,342.56705,294.05215,161.28064,38.871708
250,-0.2869891,8.121146,-3.2291033,357.36102,291.76108,174.92114,42.12082
251,-0.8095234,9.018953,-3.8138897,351.55048,293.37863,168.01642,47.04222
252,-0.2123696,6.518902,-2.149037,6.842499,288.3284,174.35632,47.230263
253,-1.0152336,8.282319,-3.3768547,352.86066,293.0617,163.26685,52.358185
254,-0.13003382,8.513366,-2.8821332,13.864136,288.72083,177.41675,55.12679
255,-0.94932526,7.5832195,-3.1297798,357.42697,293.3302,163.1264,58.542046
256,-0.16310497,6.9799523,-2.2610216,11.593262,287.99237,175.87396,57.81835
257,-0.85580736,6.996695,-2.089916,343.13937,287.88873,157.7312,61.103268
258,-0.31053445,6.473577,-1.5270351,359.34927,283.5345,168.50519,62.250122
259,-0.21817696,8.40098,-2.9241543,21.891602,289.24106,175.73297,63.762894
260,-0.5508469,7.5553584,-2.556564,5.4004517,289.09293,167.8407,65.639175
261,-0.42462173,9.514556,-4.00529,12.26474,292.9441,173.94836,67.4611
262,-0.43806192,8.19679,-3.3314257,10.230499,292.29016,172.50891,68.944336
263,-0.52518886,8.05551,-2.8310127,1.1878357,289.66864,169.49036,70.27547
264,-0.6913335,7.719416,-3.1709197,6.2768555,292.80295,167.70068,71.045425
265,-0.30990216,8.064694,-2.4160848,1.05719,286.80655,172.6908,73.06178
266,-0.60859865,7.740858,-2.7137563,348.73965,289.7625,167.35974,74.01092
267,-0.38694665,7.0602,-2.8510292,6.0229187,292.17184,172.27094,74.317055
268,-0.3779955,8.569808,-3.5328724,2.193634,292.51886,173.89294,74.8817
269,-0.3053119,10.412554,-3.2627375,6.1618347,287.4696,174.65411,76.436516
270,-1.3122083,7.9163704,-1.8758183,312.17767,286.12863,145.0257,72.29149
271,-0.7482698,10.404308,-2.5036316,325.81824,284.09836,163.35999,72.17529
272,-0.6512831,9.973023,-3.9115572,16.112946,291.6834,170.54688,68.294014
273,-1.1432761,9.040149,1.5778869,229.33841,282.1636,35.92563,55.02507
275,-0.8150448,9.245846,1.8878614,128.86472,282.53857,23.351257,-24.877527
276,-1.3735948,10.5923,2.138517,133.95221,283.49323,32.713104,-37.73519
277,-0.64512146,8.734721,-1.6987386,231.92097,281.75183,159.20496,-37.837524
278,-0.86146027,7.469332,-2.6959944,266.11063,290.75275,162.2796,-17.655107
279,-0.37791076,6.5041885,-2.44266,298.8679,290.80777,171.20532,-3.944128
280,-0.67556185,5.4013276,-1.5981822,290.8269,287.80887,157.08594,7.5432673
281,-0.43509734,6.443928,-2.0126283,316.85687,287.721,167.80133,17.108635
282,-0.66235614,7.410298,-3.0990102,307.92245,293.1539,167.93561,25.116098
283,-0.022660166,9.33295,-3.906956,328.21982,292.71548,179.66766,31.389563
284,-0.9220651,9.129784,-3.9526799,297.78043,293.96835,166.86908,36.534275
285,-0.22348033,8.580491,-3.813102,319.6891,293.99646,176.64581,41.180122
286,-0.5717919,12.285923,-7.049612,280.3319,299.9282,175.36292,46.24471
287,-1.5696577,14.608531,-5.707741,278.33957,292.05865,164.62347,47.22514
288,-0.20226572,15.131022,-5.0635,301.08142,288.51624,177.71246,49.6063
289,-1.8445911,13.422893,-4.794621,290.95926,290.94284,158.95721,50.262005
290,0.03823449,12.536804,-3.9162235,322.93204,287.34845,180.55936,53.22292
291,-1.3130531,10.912427,-4.0356917,305.52728,291.25143,161.97717,53.701145
292,-0.9696789,9.789416,-2.785896,310.0781,286.76904,160.80865,57.299915
293,-0.2816115,5.275517,-1.609753,326.31284,287.21143,170.07703,56.016674
294,-0.8053574,4.8444986,-2.3674905,323.7061,297.3027,161.21307,57.65067
295,-0.5422723,5.918036,-2.3706477,322.14377,292.33905,167.1156,60.551414
296,0.27981645,6.7582784,-2.5564716,334.033,290.8334,186.2464,62.402027
297,-1.1695715,8.303689,-4.343127,292.12912,298.44302,164.92822,61.917385
298,-0.10813873,7.7477245,-3.045245,316.3749,291.4696,177.96625,62.346813
299,-0.40229356,10.993825,-4.540525,282.1573,292.5201,174.93677,64.81351
300,-1.2094326,8.498801,0.5359101,168.89716,278.8472,66.10144,55.260586
302,-0.5364129,10.012887,1.8079561,25.777405,280.6663,16.52539,-25.944403
303,-0.5351169,9.37507,-3.2809489,182.65512,289.52396,170.73676,1.3261967
304,-1.5964084,11.356862,-2.852412,160.12067,286.057,150.7656,11.958152
305,-0.3984234,12.324772,-2.9706347,185.1949,283.6683,172.36102,23.950993
306,-1.5679337,13.409621,-4.444712,161.11078,289.36536,160.56903,30.671265
307,0.33769765,12.71875,-3.222489,189.57593,284.29224,185.98242,37.25262
308,-1.4236292,10.879554,-2.2357504,164.83057,283.69196,147.51279,36.69998
309,-0.6125341,10.371631,-3.6448596,192.32071,289.61374,170.46033,42.26696
310,-0.20922805,8.726895,-2.679816,184.89075,287.11935,175.53564,44.770126
311,-0.49423495,10.708173,-3.9179897,197.54588,290.24335,172.81042,46.396038
312,-0.519447,11.181567,-3.7789676,201.53687,288.83667,172.17334,48.749546
313,-0.87422234,6.6528325,-2.9593,203.63481,294.8829,163.54205,51.603035
314,-0.26377442,6.864104,-2.4571168,215.85486,289.80002,173.87268,50.893883
315,-1.1145551,7.0348964,-3.3934174,213.57817,296.91788,161.81744,53.26189
316,-0.34523764,6.6276984,-2.1737878,234.4521,288.37112,170.97577,54.77714
317,-0.6891138,8.224277,-3.4020774,230.24812,292.88284,168.54926,57.25293
318,-0.39865732,8.35379,-2.6505132,234.44139,287.7889,171.44641,55.793594
319,-0.6794798,7.898767,-2.9943619,224.7439,291.24258,167.21497,57.182175
320,-0.6830783,9.359239,-2.9989083,224.54486,288.19202,167.16833,56.986202
321,-1.151805,6.980231,-3.5896413,234.18549,298.37274,162.21014,60.69651
322,-0.055377487,8.00824,-2.730313,230.83043,288.8298,178.83807,60.068626
323,-0.8691458,9.475585,-3.8119125,247.44463,292.42166,167.1557,59.49117
324,-0.78535765,10.214205,-4.226486,212.4413,292.82468,169.47345,58.29709
325,-0.24108131,10.386072,-2.24783,235.67616,282.27994,173.87842,60.270393
326,-1.1617402,12.190513,-3.3597596,190.08371,286.2575,160.9256,59.029453
327,-0.07136554,12.092647,-4.3726077,200.89986,289.88205,179.06494,59.892242
328,-0.03716977,10.273059,-5.245728,182.90077,297.05078,179.594,59.76166
329,-1.5796624,11.851482,-2.5015485,178.79755,284.01663,147.72867,58.406685
330,-1.6588525,8.457027,0.49043903,122.45639,281.5601,73.529724,51.26536
332,-0.5312954,8.952619,1.8781964,323.9988,282.29944,15.794891,-19.785221
333,-0.2595179,9.986707,-1.5421314,130.20404,278.89966,170.44745,-23.87548
334,-0.528318,8.708413,-2.1614826,119.66455,284.33316,166.26483,-3.6026936
335,-0.469543,6.675795,-2.6799364,108.87149,292.17365,170.06226,12.305999
336,-0.10030282,9.746383,-3.850951,102.35217,291.56644,178.508,22.590847
337,-1.429608,8.523528,-3.994814,131.95306,296.4636,160.30945,38.616234
338,-1.1010256,10.487866,-5.4511704,112.73172,297.93503,168.58105,45.251003
339,-1.1249999,7.4352937,-3.3412712,144.8377,295.3688,161.39172,53.430916
340,-0.3261223,9.380828,-3.6089008,124.36038,291.12042,174.83643,56.541275
341,-0.2666226,9.700557,-2.3241332,124.27463,283.5585,173.45569,61.2457
342,-1.5259453,10.608982,-2.2672067,46.11676,284.44547,146.05743,62.188572
343,-0.81127644,11.011697,-3.4303672,126.174805,287.75058,166.69409,67.26976
344,-1.190194,9.4869795,-2.869796,112.64096,288.1327,157.47467,67.53663
345,0.27931365,9.150623,-1.4961452,146.57108,279.4434,190.57475,66.29159
346,-0.69223833,8.940377,-4.498021,115.93283,296.97775,171.25092,66.65187
347,-0.1611478,8.876358,-2.1746907,128.46976,283.8025,175.76202,70.50918
348,-1.1718212,9.718587,-2.2136462,89.34741,284.45178,152.10492,68.30369
349,0.39286575,7.4063663,-0.7175371,169.05157,276.30292,208.70158,71.826485
350,-1.3290703,10.056008,-3.6311657,101.04892,291.03284,159.89648,70.38113
351,0.25867498,9.699831,-1.8552732,86.33115,280.93033,187.9374,74.93118
352,-0.42446712,9.736362,-3.201441,94.03613,288.3502,172.44739,74.08185
353,-0.44439593,8.259441,-1.10566,52.662537,278.20963,158.1034,74.166214
354,-0.71475405,8.697625,-1.3148912,72.56528,279.76324,151.4722,71.42597
355,-0.10172095,6.8428493,-0.72685057,107.58273,276.12186,172.03333,72.73193
356,-1.7072729,11.058498,-3.2085912,100.23831,288.19385,151.98282,72.79672
357,1.9924183,13.341773,-8.365161,169.85876,302.80298,193.39713,75.179474
358,0.5356448,11.669917,-9.067983,152.03467,307.89697,183.38052,75.92847
359,0.7542484,9.374709,-6.7374215,148.4443,305.87332,186.38762,76.65615
360,-0.4804689,8.512065,-2.8431826,107.27475,288.714,170.4082,73.71931
361,-0.36640748,6.7283344,-2.5560467,92.98242,290.99564,171.84229,72.86585
362,-0.26552865,6.618543,-3.0350401,94.22833,294.71747,175.00006,74.62327
363,-0.5066836,9.282636,-3.4276416,90.33548,290.46887,171.59125,74.247086
364,-0.4126011,7.8893485,-2.4160433,94.20462,287.25873,170.30878,75.20563
365,-0.18807232,7.900185,-2.5100346,118.62738,287.67233,175.71497,75.15392
366,-0.9908343,10.768308,-3.4985416,112.54501,288.65836,164.18713,71.15735
367,-1.1105789,8.000584,-2.6354287,110.70187,289.66983,157.14929,71.86263
368,-0.47888342,6.870857,-2.155724,122.48227,287.81726,167.4754,74.376465
369,-1.0075017,8.79917,-3.2471333,107.2616,291.12567,162.7622,75.85867
370,-1.4820952,8.843792,0.8972943,2.2748413,281.08423,58.80832,72.730354
371,0.17317283,7.862219,1.1195091,286.29285,278.19897,351.20682,60.598114
