,ACC_X,ACC_Y,ACC_Z,MAG_X,MAG_Y,MAG_Z,ROT_VECTOR
0,-0.06245022375278202,-0.003296252363251446,0.07942257699696946,-0.034781943407286325,-0.004732250615506903,-0.011745926043567409,-0.30901289653085995
1,-0.03461470978594564,-0.0542158116497693,0.30155183270289754,-0.06882588020736115,0.002177242370385397,-0.010573078328541489,-0.06052332528149862
2,-0.03824418779459626,-0.007093306284470385,0.06563770247643784,-0.19509686459290687,0.09431925348408476,0.02439543015684624,0.0409570675341782
3,-0.049203266080792216,-0.01025913574300339,0.02984563050945532,-0.12615105369852683,0.021232883692250234,0.0662284212374754,0.04521534911484966
4,-0.09582424551266729,0.1034854609923789,0.030422522733732853,-0.07515795475797414,0.026560447063513033,0.06384641682540919,0.03666745244893266
5,-0.12113926963956384,0.14249820092037033,0.01958343837305268,-0.01789368062834263,-0.011296179433120498,-0.08638268929127699,0.027240746253747134
6,-0.11688879575368774,0.11211360723686536,0.01348950918254492,-0.00585306725691092,0.0053032796028410194,0.08407648051670742,0.03440247120381891
7,-0.031119578395811767,0.06130485424394782,0.014012737054180697,-0.024989122767066812,-0.009797326839419262,0.06456016356990203,0.02618081577030147
8,0.06604447448966876,-0.006302726294080052,0.03800485895707369,-0.0440949622340688,0.07008896945008705,0.05205646276029429,0.015200790636324983
9,-0.031290594578956124,-0.019705689906010897,0.0012292657267278973,0.005106635898683707,-0.030733213825554617,0.09699381982671511,0.012398915760234845
10,0.02316651752547081,-0.01791497798851828,-0.030014948615610354,0.008947350694021567,-0.06900268104588116,-0.07268988321266015,0.022328508917768695
11,0.07956486108798595,-0.10223191165627617,0.011086447973808228,-0.014600328905914731,-0.022496185924205145,0.0758904804678336,0.034881049353729765
12,0.05384831147938919,-0.11024697912903014,-0.07037658615652971,0.0126223663521653,-0.08731123493559756,-0.03665059911563153,-0.010995541641726322
13,0.1021676649427947,-0.06203687355635074,0.034689297761155334,-0.015537687402119606,-0.062012811146036975,0.05349307564665998,0.08469104827709345
14,0.026256448165126584,-0.03359730098197284,-0.053949575405270345,0.032236605886512205,-0.09765025187683518,-0.055786043274955066,-0.019569445552409113
15,0.06395744369586999,0.013950959236374412,-0.04674532611222763,0.012172221726828223,-0.06967041826574139,-0.07186806411897691,0.02617341299424197
16,0.0556950166228774,0.03278415944549937,0.004412368610421619,0.014329528714924947,-0.004077924062977018,0.06274871191444716,0.023462023275555723
17,0.04936186651967232,0.019743678914904646,-0.03851394730745536,0.03023254586835908,-0.07090226005277496,-0.06832925222253176,0.017213268017712603
18,0.0631962780380457,-0.011290007125622824,0.0028944519209961987,0.01920112365241271,0.01889570034510901,0.05256206309859396,0.014309129903524684
19,0.06337691430612334,0.06913082490980535,0.00452123902166501,0.03866779146576481,0.011582761140304982,-0.0935391410493487,0.01415352186388897
20,0.058862469886301005,0.03637365876641593,0.005259576566218017,0.025993069487476903,0.015350931624688372,0.06438169243816826,0.016146083696317204
21,0.10825985250337293,-0.014995423565955558,0.02241474675309152,0.009952274991858218,-0.0159105246502919,0.07493325997935005,0.04393560965149434
22,0.07096979096045974,0.04503892794502565,-0.08937591803035345,-0.012822641254354342,-0.033347587539043426,-0.02680489975424457,-0.08070696509348974
23,0.06229992576239831,0.01920450964260568,-0.018752858054917877,-0.000807161948077036,0.03895555811022184,-0.009767630277136563,-0.25269171163882764
24,-0.09590783152306323,0.013763409094373886,-0.0027035164907609037,0.048133011812982476,-0.060413067654696694,-0.019028147047774672,0.004670956675145474
25,-0.059343639859804,0.07522284264127167,0.004573163275357229,0.014289035954524354,-0.041920699948353866,-0.02739069983936148,0.016686426976111904
26,-0.004480359520179821,0.11466954967202501,0.013701891189541373,-0.005513382527533062,-0.01435860775213807,-0.057715166891902016,0.01713582229620221
27,0.09321909150853983,0.026224220838607638,0.06904762522133848,-0.037616425929739114,0.08169715470115714,0.0730088828135364,0.008266075609547707
28,0.03510336499904805,0.08884591373511161,0.012322870410289328,-0.0003844032098960174,-0.007662297566270383,-0.06992672578750737,0.023166708918657696
29,0.0632191287266429,0.04621829780506825,0.025010434629693143,-0.004385356622573857,0.03968899299271447,-0.09090731420005088,0.01772288787704133
30,0.053844933864448344,-0.05049659014214706,-0.0064188913499673445,0.0035898225777590727,-0.01863205182574156,-0.05686337424082983,0.02636925958430142
31,0.04814921675738931,-0.05154351930506022,-0.033548403956044026,0.0047758214007157,-0.06658008984265854,-0.04927331603873746,0.03081291720291268
32,0.122727814927488,-0.037004978215323656,-0.1869432434710111,-0.0753476823890068,-0.05013445927277809,0.00879124714559819,0.01582411992212952
33,0.06903897683821465,-0.037220101159734925,-0.05822559067238642,-0.008865368473691286,-0.0790080072537448,-0.051307579956475585,0.038292360426444697
34,0.09761258394019467,-0.03294315995160558,0.10967566842309742,0.010749226874444462,-0.07116592496555427,0.0388478615226876,0.09447778602447295
35,0.0831895321420071,0.015334929170674881,0.00224876942549224,0.019003200682970674,-0.025751141437728598,-0.09247109706299506,0.03857283783992714
36,0.10757391763387239,0.04252473469700477,-0.06932048891789604,-0.005414736150797829,-0.050351359529350104,-0.05894813528939518,0.02866422912630108
37,0.007982117464436535,0.07450408637603945,-0.011699188372951213,0.0672239592376428,-0.040640166432632366,-0.06094245021362961,0.006327587982552311
38,0.02165208161941662,0.09811298590981388,-0.006129023493949231,0.06725067325512255,-0.016383873159805162,-0.06892870275343196,0.006225376983074604
39,-0.0667914559461593,0.09880309443464556,-0.03834489424395801,0.09631747515373915,0.060895215317942154,-0.04454386104725576,0.023153230644440408
40,-0.026393337295816284,0.1094187305616898,-0.004260807176062548,0.08830979788624937,-0.06986251706572386,-0.026101220009444016,-0.00496337654692257
41,0.11367875906800284,0.0763034095276164,0.05266668145727619,0.03802784663537538,0.06149188380196689,-0.0987706671504112,-0.001937883128080943
42,-0.019233910857787334,0.050290488347439856,-0.014550271411592573,0.09501948928114919,-0.0910147873789685,-0.012887452986006286,-0.012085762479584046
43,0.10907775357202408,0.04191612074562825,0.02235630726986484,0.04275386342077881,0.07228123663837498,-0.08169864464511425,-0.004970923810789639
44,0.040479725807943054,0.09604528967435003,-0.03731899639661698,0.06518725446431065,-0.07896988882951449,-0.0026217354940439325,-0.051421928610848155
45,0.0773362427135276,0.07970585798762635,-0.027838418389932763,0.04260227741231851,-0.049424653664382666,-0.03390483843140686,0.011636744738980557
46,0.08743388393131601,0.07101411856136458,-0.012010302430248407,0.05369574010084702,-0.03469362317138427,-0.0523108686785993,0.0204504078069846
47,0.053268783927776044,0.07676825908599408,-0.0324808604557565,0.020213121536757223,-0.05711120447293103,-0.02615492480448015,0.005112639141342501
48,-0.012192589606531051,0.03749316536080032,-0.003826071971828715,-0.1586632568716698,-0.03716169477513808,0.0043855637906878775,0.0571297761497207
49,-0.026508101440296444,0.015415598246152414,0.06280019714162768,-0.16679733772992877,0.0025432428613577814,-0.030362373905961977,0.07128206948651929
50,-0.0483338204114669,-0.039558997092608725,0.01585821405716028,-0.1025955804475525,-0.004616672489231748,-0.002561313215869638,0.040377629062295986
51,-0.049840953485675174,-0.028851241953647355,0.004750976129128767,-0.08879099490296924,-0.04669412201021608,0.01557967991912143,0.04017172259255342
52,0.002609048942572516,-0.02455318519727049,0.017760441439732655,-0.07556966361288403,0.009540882623361575,-0.011364044085450203,0.03872986282376545
53,-0.04823591834372867,0.012953228674099633,0.008138179538317317,-0.0432993300757077,-0.012967391090316907,0.0016697366334025427,0.028769578320192536
54,0.005258249584490561,-0.020658188522305023,0.003720333064424613,-0.03201729801119924,-0.0034943312857661575,-0.01050432997113884,0.027485574216094752
55,-0.007495677198758865,-0.029253948944325096,0.0004933826691715724,-0.012555055337017673,0.009240507422878122,-0.0010410706014751798,0.015092292981266568
56,0.010532814833335406,0.04792577534620532,0.0038642357947634735,-0.005738507179654624,0.08579304939648102,-0.026237895995441657,0.009362440103617007
57,0.0013696609321521853,0.06597314431316116,0.001884636367348035,0.019121427516847686,0.024188327875985422,-0.030552978836696446,0.014517047301109667
58,-0.11708501188967131,0.052921631131393684,-0.014771576802684334,0.07549062487005812,-0.018416040871607798,0.026308608460049985,0.020462121928867084
59,-0.029817803403450936,0.08414798920478021,-0.0025238602384552583,0.03280550789059646,-0.08964029757504793,0.0372817489074703,-0.012865423672738591
60,0.0828351531966844,0.04007446396858581,0.03578859878736304,0.0010389361374799518,0.02474841451629561,-0.06046751856609405,0.024387056593434483
61,-0.04942058475249764,0.038620485648104004,-0.004570262135575797,0.05699112370263053,-0.10210613231088629,0.02103131786035562,-0.012208329867606733
62,0.009591028271603982,0.014865640620334452,0.007742314054063148,-0.021513431212398057,0.04310981902757154,-0.03834874061362491,0.01766359173004942
63,-0.06136536772582606,0.01663734285735503,0.0010024545821811642,0.010486270889916903,-0.04344970165254919,0.020264519877033774,0.014685169211922536
64,0.0865717622319718,-0.009735609533000698,0.06457772478465702,-0.019188385652477116,0.020668015523748973,-0.07756523163346969,0.030484132913933173
65,-0.020153808749121302,0.03011494854686029,-0.007521915204316019,0.014844269736616324,-0.06699360574344103,0.019356128717673393,0.01218297718533001
66,-0.05312389193230821,0.02507029577839054,-0.0050967780801365,0.04906608831085267,-0.06073219739092598,0.00252000592035089,0.004826543488574212
67,0.07101591583356781,0.07639754360726615,0.015030415930175947,0.006380263005916258,-0.019872696949593954,-0.02807252860403668,0.03191451219070088
68,0.08409571279226463,0.012301506646027728,-0.11197459984127657,-0.06072807833487727,-0.011881871983548672,0.056810382264182904,-0.07647912205562321
69,0.053827009063328754,0.05649304110655451,-0.08245756971557731,-0.06904026148345216,-0.017914305121578062,0.05109454780484863,-0.06540857542042085
70,0.03611591436300857,0.047430482164607324,-0.07183650795768333,-0.08143122310444795,-0.023217092582878684,0.04928192665496807,-0.06642276258386448
71,0.03631213284293465,0.042092763931682854,-0.07753019511459747,-0.10179752021206123,-0.009265652683496092,0.056620084880405826,-0.07531278562102518
72,0.005839013360428816,0.03289771247450938,0.24956160142855513,-0.04024399956084425,-0.04195390301478492,0.07343580266840183,0.04505278676440193
73,0.030788788060188844,0.040002037296653234,-0.08979460850256678,-0.13968393902444726,0.003971400349441517,0.057742069459502235,-0.06557648656903695
74,0.022635836356091094,0.03609402488341172,-0.08599436418893291,-0.14760269132151202,0.00021092691065684437,0.05659038092873861,-0.06078596150910703
75,0.013206916186885978,0.03503564255877541,-0.08142565983019573,-0.154609008242716,-0.006671829494443708,0.0530599431891818,-0.05022602543753587
76,0.018069524757542157,0.03185248026558745,-0.09267438287359789,-0.17218380302619296,0.009985700790562447,0.060685165832675685,-0.05966074750111062
77,-0.04140337365017946,0.016369490681215317,-0.022553721443858397,-0.1385454601514446,-0.0638565147272031,0.047031184148973,0.019143049665947806
78,-0.03083204244849841,-0.03052018065342689,0.009280767810669794,-0.06018205211426742,-0.0008973690946456761,0.011801248015621418,0.029148374529350325
79,-0.019499746633934563,-0.05645918716981728,0.003767176589016461,-0.027520903992767968,0.008086676331401735,0.01634250651429347,0.01279877918347022
80,0.03166013046740207,-0.09835783156209597,0.00989543955130315,-0.027667443534479835,0.008966727217849786,0.013938700478394916,0.01193566732157157
81,0.05553164926278153,-0.04963775151959504,-0.004664664418626674,-0.038927965732680675,-0.04356782256141677,0.03337648878266141,0.05333686462621197
82,0.04491773091395079,-0.038646926703691416,-0.028784375207967245,-0.028822823359123975,-0.06667040587641992,0.056688663118877505,0.03975668966083736
83,0.06400301415627781,0.024295051296826534,0.014992900030610554,-0.014947272066533943,-0.012106326806165208,-0.003818715888847645,0.039727545557675464
84,0.06076403627254587,0.046560977397598624,0.024347589563545532,-0.009895376602399406,0.03218176367876618,0.026170968217852805,0.022057150436955917
85,0.07696687573134864,0.06595657105823985,0.02185608827062892,-0.005143812201758708,0.1513278152640748,-0.017070925141268654,-0.013679557743953286
86,0.08611514780785637,0.09835338385597454,0.0425636359606937,0.002859677583040031,0.11474729885080524,-0.02625747684268364,-0.009972550730474613
87,-0.11211238155701665,0.0924405458389774,-0.036738711037414974,0.062320774471306406,0.0637804362736023,0.030136918340700643,0.042310710708216646
88,-0.048305899810289904,0.08012295710239357,-0.03142327759517272,0.03405569171502709,0.12127528355835678,0.0162780863404462,0.0251036716483776
89,0.010754912029129093,0.09732600398639585,0.008474202518002377,0.006150711924184638,0.09268779851315935,0.016894844724990362,0.00917185275551018
90,0.0903089726861794,0.09465784630036364,0.0570065985670229,-0.009227530886140669,0.115388087733458,-0.026393322921729613,-0.01083993273149219
91,0.06353167973382629,0.10100560830014152,-0.07950077769055684,-0.018991689513272507,-0.030260674139760285,-0.09818392655653818,-0.031961229194886843
92,0.014383373365214669,0.049150461452131505,-0.03206186093134851,-0.000516553537149432,-0.08015430921974005,0.0648587998933259,-0.029763074325978682
93,0.08565460769429185,0.005348365184219522,0.046289941874780326,-0.038012783717308554,0.12653701299541006,-0.022360844055409695,-0.010929045375204572
94,0.015319378892583519,0.08759377596445947,-0.027617228234654893,-0.02084360260863304,-0.06024440033009615,0.07640705116537438,-0.03397541991332829
95,0.08678852465239485,-0.033518013929199994,0.03990624364534346,-0.03779584006227893,0.1371959988013581,-0.01878333365010252,-0.01965294171467071
96,-0.024693482160823198,0.08735253692788092,0.004863749245378957,0.0013880483725002115,-0.05970941927151251,0.049459304728416115,0.009808283520100809
97,-0.05364361669713595,0.02645558554384942,0.002085486167215895,0.014550213822387421,-0.0608097318279504,0.05317298185114987,0.012208638562773601
98,0.041899088864963796,-0.02029220979445349,0.3073794518969435,0.04990430409632054,0.03484300770873989,-0.0537909826746279,-0.1414746441972284
99,0.04181918231082675,0.0509325696991321,-0.10198323113309486,-0.08603981374017966,-0.023161963301900627,-0.08981407674161863,-0.042926306734224956
100,0.047311371579926285,0.05564418344521971,-0.11847334179130911,-0.10687616670557087,-0.016961700942312533,-0.08920330861960112,-0.02174304572905384
101,0.01137296358982736,0.044857411134306135,0.1940082712599743,-0.0422330704061867,-0.060439109143422286,-0.06401914965808514,0.09476073643601114
102,-0.0417171730233267,-0.004813743476120475,0.3204214543412926,-0.030703773277387617,-0.027726922138874382,-0.014577873152178344,-0.05462329549261247
103,-0.00928204704690977,0.029012843906275905,-0.08376436629732671,-0.18403293644924051,-2.6883712336420867e-05,-0.02593873245472709,-0.05489275573816327
104,-0.01898643760656675,-0.0035991264698884886,0.025222243169839606,-0.10722379974516758,-0.0017709167990055852,0.07063818406155796,0.04919783459584606
105,0.011168149361093775,0.06208210405077305,-0.06306825015282062,-0.08863365368619303,-0.02736654515565272,-0.03600730530784175,-0.06517457625054375
106,-0.019359856687025327,0.03287824253746243,0.015789526495659616,-0.05099849756652787,0.07016409568318938,0.0632941835468271,0.02239616610075611
107,-0.013784973443636751,0.028855323853776003,-0.009752173534098326,-0.01855957657787055,-0.05302364972830646,-0.08178711021857955,0.026330192197339595
108,0.03900874144085772,-0.06829455018402081,-0.013683671122461957,-0.043164334549135264,-0.053942674868024176,0.09016536836691479,0.0436912272913133
109,0.02389749375688789,-0.07427628731344839,-0.004066018445737829,-0.016582631117960572,-0.03212898046296725,0.08806871038576165,0.02086974810942239
110,0.07461068067272243,-0.05152604279573429,0.017474328681128474,-0.027947099177758655,-0.012732460397880885,0.06028898763055621,0.04426328130711598
111,0.03993208331712121,0.0374460812039946,-0.0004610841859141565,-0.015791041368719318,-0.03529553486860795,0.08171193348613942,0.03279465334858624
112,0.12001293215399467,0.04836852299313884,0.12399070555603026,-0.004330605809330625,0.0936654754454236,0.010297987840686583,-0.0224095110236391
113,0.06601161241418571,0.06252117544932921,-0.0061587424927666634,-0.016680396771534607,-0.03846300572010814,0.07906983446854772,0.03217100124893478
114,-0.024427883056354845,-0.008024522489449938,-0.025489386282657386,0.031141603180910155,0.11083661741437524,0.0527761781120417,0.004016650628422936
115,-0.017758281723962606,0.03543164400148688,-0.01356360691074128,0.03343046600065142,0.07793327961952042,0.06392136062725398,0.010496624283049566
116,0.045759812641812773,-0.01963857349930514,0.0014348351092895832,0.017193700268092714,0.023222748060043756,0.0768726534855218,0.010181654717953032
117,0.040217512463181365,0.009108796134956344,-0.0030223932762490366,0.02084444914215402,-0.014968930010598893,0.07590706412827573,0.019603914898563144
118,0.09404356289061436,-0.03686212056864695,0.0016192968328031,-0.00024391815899786617,-0.03499390654405019,0.07890834735315885,0.04837584022185028
119,0.05104041227382281,-0.05065374095473521,-0.004584906409653075,0.03411837465753677,0.004115699277022801,0.08057399368520028,0.003868619671998518
120,0.09114149208279101,-0.025527477858232506,0.011124970073938107,0.008146848682172657,-0.0023685144373491104,0.06917038153067619,0.030959303474704596
121,-0.006644952697822323,-0.011761136096414071,-0.019910629925118967,0.07726228271770724,-0.021181973591295873,-0.07782259760196804,-0.00478513796449412
122,0.02956741936867793,0.04120507569030278,-0.0015792247583159332,0.04052695660162676,-0.006126985197261117,0.08703146779236086,0.013090317112220367
123,0.07606076330664988,0.04560712868013292,0.013068753891522707,0.02681177617734186,0.041813340102485365,0.06792596575790788,0.01076476214835073
124,0.07793093318713303,0.018969157687266702,-0.01969930537036175,0.008208650261007776,-0.05120155836218056,0.08249620165306913,0.03475706634865372
125,0.09278948225663322,-0.018534624299294696,0.05166948353982254,-0.02461171053037497,0.035781613574960264,0.04138462234056171,0.025509640710872812
126,-0.04543738772364242,0.052862977138139686,0.004992497729427907,0.02684000040093329,-0.039422003952820334,0.09164247900852394,0.014524004186067961
127,0.0626660397578674,-0.012548387592584979,0.04570595576460582,-0.057108576991350926,0.052208636405139924,0.04185151011206842,0.02534341664010521
128,-0.14598244127255047,0.02018868844024532,-0.04454330697788476,0.012657718330081502,0.09142296209095108,0.05971625239107374,0.05156511482468742
129,0.020112635203393264,-0.014298787546560728,-0.013583444423318717,-0.03873448470504222,0.20581020736469455,0.023068591074779668,-0.007729421175162005
130,-0.0402596168667471,0.0346243445542221,0.004940486341733267,0.0020236271216735255,-0.0054831972604900275,0.06995190867266204,0.019867000119912423
131,-0.016894672259008925,0.05548749950127747,-0.02814265231180157,-0.0002846624056267854,-0.08960673760460072,-0.0638832302074698,-0.02924151608314991
132,-0.018098413095819423,-0.032485063250169734,0.08685000532080864,0.06745719873166048,-0.0011212673347449642,-0.007898999839904799,-0.3780041391673388
133,-0.0024322648166724553,-0.00433359019777633,-0.03810160663208845,-0.12603503370957328,0.013409719803168999,0.015596720197575539,-0.15263074433387083
134,-0.04639091837158635,0.0023957817885965765,0.037204466346706114,-0.1547036618185997,0.00730869730537589,-0.06018575472838093,0.05959973142151524
135,-0.113459340971094,-0.05033578946445566,0.012033876499578232,-0.07715172226400464,-0.037136703211645215,-0.026833858648886644,0.023560918478151373
136,-0.03855190810380264,-0.06785071631581327,0.006110003201866802,-0.078156009351883,-0.01684889933199861,-0.05374683526521236,0.0313449652780333
137,-0.018557074397697115,-0.07508246886012004,0.00717575787762819,-0.06181026397317347,0.00273941256871465,-0.06506690555194886,0.023075681755453853
138,-0.01854262242420356,-0.09799649229967683,0.00032698687884417585,-0.036955210473790606,-0.016669898646668894,-0.06032749548772475,0.010984275551038734
139,0.02096747376213874,-0.07057549661163869,-0.0005867426339103516,-0.043699498021473944,-0.02330144703523961,-0.06701084408888208,0.035708244893534406
140,-0.014443874305361185,-0.06873983546943717,-0.007509050332363272,-0.012215802624969754,-0.031027751322191967,-0.0550671447440027,0.012230311362163843
141,0.02284829942920409,-0.0771364816492116,0.0022836948050503013,-0.02301122387117884,0.002788086377420192,-0.06830825719149224,0.0164632890864337
142,0.003911424655206112,-0.0964112068374079,-0.008077824630140472,0.0001904196736018651,-0.02624240121068467,-0.05824564219342522,0.002923713657629081
143,0.04882780841900731,-0.07053886430331525,0.00010637297127327489,-0.0168698530693789,-0.016683384482841172,-0.07391039425920022,0.030742760379181364
144,0.03727327131953494,-0.057399348876283306,-0.005473839773960931,-0.00548063796420462,-0.014218653266719058,-0.07510553258858144,0.022918473790333325
145,0.04217753197683144,-0.0501632478740316,-0.013228143699155715,-0.008629941025586379,-0.03807395422715503,-0.0645358971727052,0.0338203943239082
146,0.03503119275526797,-0.03397827380549406,-0.005401542347508987,0.005030708819162974,-0.0029966373518541378,-0.0770049815876729,0.01852311522461292
147,0.04231581238432606,-0.06316104676166963,-0.002770833340046846,0.010237546517712446,0.011466620981305378,-0.0701650587792568,0.007640555104389918
148,0.04457589677620205,-0.05649465042169934,-0.011904591782783481,0.00831003069097305,-0.025935884927451327,-0.07387531636580032,0.02265821621238622
149,0.029083336558304813,-0.04947789310397323,-0.011454368167181973,0.023410818316904537,-0.01279454819051588,-0.06189613466823818,0.00941108631701951
150,0.06534613731039399,-0.05658801462817217,-0.009437283597109061,0.010261422477160498,-0.027348353637956294,-0.08148190020884476,0.030184037276953252
151,0.01861791838204113,0.003248254758771773,-0.009588243090854591,0.033644472821688705,0.040579005228295134,-0.06648419660667067,0.003279296897738212
152,0.004435664448900107,-0.019755110823989126,-0.012970333300841737,0.03981003376010318,0.03194075446661614,-0.0637845784310809,-0.0012697748456413785
153,0.025606173811437666,-0.010396104348474239,-0.01030099401568853,0.03622032053755012,0.019009127561172973,-0.0700381748452498,0.004796858472672557
154,-0.005792469130781956,-0.02822666609742599,-0.01976246322515547,0.04459192989497063,0.07127281732870426,-0.061045149323776,-0.008566317549382725
155,0.036130116597261244,0.011849256192267501,-0.005446316477323772,0.029023143644918536,0.05480188009401836,-0.07256452778048259,0.0026451319826202267
156,0.0024805070529061307,-0.01762480276434029,-0.014119493687109335,0.045474841532856365,0.030089141907416024,-0.05755985012024579,-0.0019486465751349423
157,-0.05370773654541175,-0.03353034321465141,-0.04834136874535616,0.06085031163829255,0.11726706587399786,-0.04464467593439572,0.0007533117172105076
158,-0.0164590178079939,0.021859360234018098,-0.012772728159744602,0.051521312393439996,0.004384340536441684,-0.04777380797642525,0.006397864173063269
159,0.019700956054437405,-0.02986416327028317,-0.012154430640435912,0.03977828514676329,0.0531603873484924,-0.05094536397658182,-0.006900235099320955
160,-0.07893530702097136,-0.002426609331684453,-0.035375937052973844,0.07469332669038256,0.05229267947413906,-0.0193732471098265,0.008974891871182927
161,0.022634114516140925,0.051400976790295455,-0.02049676546966176,0.03296536297419114,0.1396661984369634,-0.061503862337657825,-0.002233526972901266
162,-0.11903527149053404,-0.05040307250294674,-0.03030560613315864,0.10162810291087,0.01040733386923426,0.001246826434980139,-0.0071843181185342
163,0.02387926592244493,-0.035510071945963395,-0.010446616261272683,0.03799591909664181,0.044478114619854625,-0.04685803394927831,-0.006112318300355169
164,0.00493826768817306,7.690722346147608e-06,-0.017048805578305203,0.04651477052008887,-0.04851100648190187,-0.04155696156620789,0.0082984012424206
165,0.013322568858309361,0.004107997013705176,0.04113175106512756,0.08114837825638073,-0.0273448537931809,0.026124344774210103,-0.2979948201441974
166,-0.0354536379337661,-0.032335056227507805,0.3323310027262106,-0.03297659653077514,-0.01783039136526565,0.08128031679497945,-0.07429802369729172
167,-0.10829338025489282,0.05773427181521452,0.026360311158100096,-0.09681046104131473,-0.025754423808598628,0.0070114760777625585,0.039725432318623966
168,-0.10599622204585388,0.05937812193094898,0.006887314571253845,-0.06417161097614271,0.06504090462373144,-0.0004879771099299793,0.03768289432891392
169,-0.06390481956232824,0.01949992046449583,0.0009342999049889323,-0.06914642332439244,0.11356874628483138,0.0023145517909796904,0.025217485995971255
170,-0.008173076062228817,0.06940212559077995,0.026347737892442602,-0.06128929403140064,0.013746833141090039,-0.01898624544301229,0.03302124210586342
171,-0.07082685905592882,0.08546478194067775,0.016859640553953704,-0.027526325190110872,-0.02333378338071551,0.014473922285471948,0.025732197391674972
172,-0.018089280858816194,0.024570666670752063,0.006943401646244209,-0.028923901492158677,0.05146385076339923,-0.01367535252715711,0.019181649598528534
173,-0.0241930168605395,0.03290410420786982,3.1227069503113325e-05,-0.023591871101935186,-0.04804902204665591,0.00884782035692924,0.02550532145224307
174,0.026889924981522192,0.044398074342466766,0.015766367593504357,-0.032616222979338166,-0.0006408706770891173,-0.024421798024134665,0.033590044258637694
175,-0.011715572805777962,0.10161116973381595,0.016184964602656598,-0.011880699902069409,-0.004906866681729743,-0.006695855366174631,0.020575537671864454
176,0.02394926293365384,0.08759288405400226,0.023440036990010744,-0.016923547662268508,0.055885280355161424,-0.030542787580475426,0.014979869889116322
177,-0.0066302002432016335,0.04180245137620343,0.0012416090940384095,-0.0015452782077561133,-0.02123080580653773,-0.006823977593007966,0.022623796008202933
178,0.057298414258551096,0.0038395712520146426,0.01786181152128498,-0.019884524179224945,0.014122398977948935,-0.03361280933858539,0.03032511093190012
179,0.01280103424404061,0.022503379929180993,-0.0028509968208243566,-0.0025086050666804577,-0.025862105571774176,-0.008206621130800298,0.025456609357123645
180,0.05472736819155095,-0.04834021364235702,0.008103404719044284,-0.012104894772036674,0.012192129188662028,-0.024236571448852707,0.021715956141476426
181,0.00910354217011609,0.034976769147341616,0.0011790024447591758,0.00917157987687002,0.01374014282522194,-0.015842054786803107,0.017152538623330233
182,0.061150106685800495,0.03464603469262864,0.020296747269153263,-0.005248812507707014,0.036823436109740725,-0.04555615870200635,0.018971286913062737
183,0.0025829814109927735,-0.0053948669772228,-0.006411310556976345,0.01847258894336864,-0.005498486342576361,-0.020096149477079953,0.01294951733327069
184,0.024421453220195913,-0.017088651257529494,-0.004692895862234186,0.01616076698228642,0.01536585030003047,-0.035450742785617446,0.010494690664225207
185,0.021016408339871787,0.017444622893810543,-0.004528421067580975,0.018099835871895217,-0.0065263891679783435,-0.024960227427954264,0.01777364234468462
186,0.023391054073344894,-0.03521325361034435,-0.009563345207261917,0.037697769621885466,0.025885307251068596,-0.029194326240368308,-0.0021349564744908003
187,0.01010944919446941,0.04004582023549897,-0.005082939651479434,0.028608977973737206,-0.021258942391465828,-0.006886667603647045,0.016118579319907397
188,0.08338769544152361,-0.0017256953386591547,0.009764340053513511,0.0010454616060676693,-0.03002180295402247,-0.058938470877079395,0.04848948907066024
189,0.06775419841620126,-0.06725720137646304,-0.02303927646971377,-0.008296023849798377,-0.057903851444451565,0.00042291429859963556,0.0445499993989691
190,0.017364843405241477,0.06048073112514705,-0.0020185229517098177,0.018098363908344593,0.08870232764655199,-0.021405255483991265,0.005797864763626396
191,0.009661618617147275,0.032435471140571624,-0.002197484389149837,0.02113271708531304,0.008414605491960206,-0.011745727580283416,0.014802333276429446
192,0.05486608398284423,-0.00234727154041998,-0.04706508685427866,-0.006728497307149484,-0.01577527014763797,0.06319294090730934,-0.16575641048699785
193,-0.008860253964467421,0.06466698203469678,-0.007859223667244262,0.006655926338912635,-0.06921993699928149,0.04806929596359123,-0.12572399228389136
194,-0.0028078229459318066,0.022932951083508266,-0.0835596743201335,-0.13917425403274694,-0.02512887062085825,-0.09220299864954466,-0.04709838850235876
195,-0.001309240636812925,0.010735399500661304,-0.08958341533899529,-0.15465138715993226,-0.015923702582605496,-0.07741151265301717,-0.054292357105883204
196,0.011815288171297407,0.05326668881733647,0.16624164071369377,-0.0811431222688355,-0.019167198251004644,-0.04246476412746319,0.07003665889090262
197,-0.10162069863346976,-0.05158189045707788,-0.008599328841122373,-0.042995484114124016,0.0841152835998771,0.030249848915805594,0.015332922771548924
198,-0.046941154604554655,-0.018847821204043755,0.004249640349896021,-0.03836251005527236,0.045420685654025704,0.014844225328373957,0.01728306260580081
199,-0.037201014096868545,-0.04057472305610955,0.002772057607961159,-0.025964285805611956,-0.027384061901872706,0.05197312285483063,0.01769205312748289
200,-0.014730481257851633,-0.051539936373549096,-0.0004518497769466223,-0.02263496101714481,-0.029971086316739445,0.05656969988518569,0.018368641345654108
201,0.008797481624074746,-0.09711740268892723,0.0032866344042262858,-0.01678893139762921,-0.00780486069131196,0.05311560094871115,0.005679756304864672
202,-0.0030049965487623843,-0.0876081968735022,0.004387498606805398,-0.0062716924152091845,0.03766556744284532,0.044622403911636674,-0.007909217509319885
203,-0.03654164984622189,-0.08959935533295442,-0.001745807759128835,0.03304895555609038,0.0008093155677778954,0.04339441011925795,-0.019649078275954825
204,0.026496471862036255,-0.060573650013949536,-0.0012660917119650737,0.001970449402251495,-0.0012244569176861797,0.038136776443986505,0.01080969980514396
205,-0.02290424232356436,-0.016022936331442708,-0.007603649118732469,0.036232374324304616,0.0022315783715416114,0.02907603873603863,0.003727900279962562
206,0.044710134866681364,-0.0052230875745294635,0.002991586944013894,0.009285016050484606,0.024578387111212307,0.021400562990632355,0.01424405892753838
207,-0.00584035456644973,0.020150575167952964,-0.007851962283836077,0.043374735160311345,0.016034706261073364,0.03065061918789315,0.0076335382785019425
208,0.004898318125171525,0.02022735644180195,-0.005549985817653796,0.03802481596938371,-0.013536951662695295,0.045377183493870654,0.011338246838808044
209,0.05229365338500708,0.044057663395483,0.006638127318574595,0.021880136115772574,0.029264460905122688,0.013203714123281769,0.013673068129004134
210,0.033276427664575385,0.0523924170051437,-0.014213978571143926,0.022724863594853612,-0.056503759679678515,0.05123581012575873,0.014903321574340968
211,-0.049236272966124456,-0.005068842165644719,-0.0742909846962963,0.03127004426511912,0.20119439013953458,0.02853971693362251,0.028030302188486057
212,0.010812426762178966,-0.0867772229027296,-0.056477262625526624,0.026457186159176596,0.23532661317274473,0.013818503617459366,-0.024168759493840897
213,-0.07711558926588427,0.09502810047424255,-0.01038047578894947,0.07410332431132022,0.0015582325819816845,0.03916815905502331,0.019408291521202548
214,0.012421238516152924,-0.004684264517469417,-0.032151647952342814,0.027280664209961523,0.16550759194019538,0.013413023528973889,-0.005300984491356209
215,-0.027628768378894972,0.02971461359201913,-0.019265232399228113,0.05509560205301618,0.05773553522646848,0.02920023893114451,0.008134989218258965
216,0.040444218667496236,-0.007460820349127154,-0.007432804160284039,0.03218033371848458,-0.01268406421969652,0.04466551465924965,0.01420021113327153
217,0.030209808620731048,-0.015262553595445975,-0.007149488771760658,0.039985142423486296,0.027125059854170946,0.029863259703150877,0.0018480430085172257
218,0.04315686541734574,-0.011995560796803091,-0.008060187954338782,0.035205534862174113,-0.010539644574465316,0.04107406571556485,0.01269512765195993
219,0.039887583935257466,-0.08335380544268858,-0.005900454048372606,0.04553583890332963,0.006513471437449394,0.04994663563301063,-0.012370581045770962
220,0.011335804144375704,0.0012193701107941013,-0.009292878575800212,0.051933167558992015,0.002080518105469965,0.04523143234421273,0.004133131348321738
221,0.04854555674561581,0.03710977793149429,-0.000934312909504232,0.03784323000114155,0.018545599117512218,0.016556519887973284,0.011359701379690562
222,0.045892968344070945,0.030285108657803702,-0.014989358838155251,0.02728066694005428,-0.04890527746884352,0.04650622193939557,0.020585629712177214
223,0.08834125664713789,0.026513440980087573,0.015383126916819994,0.02476769609983281,0.03385046045686694,-0.00154204770556241,0.013931197461019956
224,-0.10036937988740602,0.02632826481974153,-0.029371704285333276,0.09463289445979389,0.01302618273167461,0.04554475302873724,0.016519356620902273
225,0.028048216661651804,0.06077740782920919,-0.02130673443189341,0.03489443003818503,0.1538406809794166,0.0001478741837996234,-0.0010579905381879941
226,0.06955636259488848,0.019647474259086424,-0.0014403015669290364,0.02822959348701767,-0.008984520644859011,0.031044181700783977,0.022691910723116437
227,0.10038506547102058,-0.0065203775146010935,0.01826497095546853,0.015969851348847493,0.003664443951773271,0.033048740026522486,0.029969640462086847
228,0.038709839186436355,-0.04285258689984338,-0.017433548948536028,0.048600300202118446,-0.0403394585237974,0.03953526103097064,0.005711992525266512
229,0.017644150945650534,0.0574114219526731,-0.010939257716409781,0.05242087261715402,-0.054824539045234336,0.03464396571306078,0.007911530448978294
230,0.07149693029561138,0.03812933240614964,-0.03922959095355662,0.039918592723890284,0.00740409504494749,-0.07216209564506683,-0.22142269897828654
231,0.0357561154160784,0.0615163546024154,0.2713961659089511,0.08165991882921281,-0.04572905747921579,-0.07546737956508064,-0.028577058678675358
232,-0.03790423634566971,-0.043390808631615235,0.06559191863647555,-0.044801593178967127,0.02862731619142562,-0.008270393671364416,-0.3270222359827439
233,-0.08436113682744154,-0.005057670240931794,0.01408183281607772,-0.09865078352989402,-0.008729260376913961,-0.07731102724258418,0.039406293446118706
234,-0.036141531156723916,-0.003882573713499468,0.011624233051320125,-0.09243188949449774,-0.01587678049938409,-0.0816455311607179,0.04542861548382396
235,-0.07464962094958957,-0.09194001924435481,0.00025495248268936864,-0.04849267379882905,0.07375321144681163,-0.07102912292897162,-0.004612001745066792
236,-0.050651757679371606,-0.04022343953313916,0.0019494044582091911,-0.05154723326434596,-0.01628738800832894,-0.07681780263485857,0.02465863166180979
237,-0.04984605028426993,-0.024260678912514294,-0.0018892192930367174,-0.034485050756483525,-0.032634985915137305,-0.07411815343395615,0.023298184408326816
238,-0.01648139833087278,-0.09320559115713396,0.00016946784184774903,-0.0317388774859968,-0.008059375107227118,-0.07945276958967551,0.009046920395944374
239,-0.08915791868956918,-0.054365729683485284,-0.004531693821556974,0.02016306156656315,-0.028735944840823528,-0.06542783163867173,-0.004361946664589595
240,-0.02096445761557988,-0.051433554033425914,-0.003645682930285027,-0.01219726858700881,0.004523960780504273,-0.08087259872897617,0.009655001428134899
241,-0.05954602838581331,-0.07955102191971086,-0.00554607225120464,0.024955947792343326,-0.03181110212801641,-0.06392451112151483,-0.013655491285744769
242,-0.030120777736789166,-0.05315098814914691,-0.007527493644706103,0.010304538845237955,0.01214666761544907,-0.07782765454775001,-0.00017194493921250838
243,-0.05976247991194724,-0.030976491238906174,-0.011406102657522703,0.03314018531510304,-0.003334581929501851,-0.07192026759598416,0.00022139903396205734
244,0.009711664602226174,-0.07900617373390592,0.002877915280440221,-0.01134472865539393,-0.007700537982108688,0.09295373193174418,0.008447903873374959
245,-0.05636092317356801,-0.0402994835585868,-0.011328290894611572,0.04434888763537596,-0.024717977748211398,-0.07112017562278611,-0.005448866974433786
246,0.005748583137427486,-0.036873039095839076,0.0017442790326047761,0.0023171170218472276,0.017678819715259423,0.08693050790921518,0.008603194752625996
247,-0.0441323346881881,-0.0554906860737102,-0.012424882440610883,0.051742314882390485,-0.02704867338092853,-0.07294232987748588,-0.012012603029082032
248,0.019514218969367246,-0.06582485882940402,0.0005614758482091627,0.0027201296105872404,-0.0024955815395082573,0.08941290002456115,0.007465144176489407
249,-0.011760869452589992,-0.04784246648504789,-0.01691717119612175,0.037836074047462295,-0.048988703474503154,-0.0698812609621862,-0.0002071511606169564
250,0.029477024670099095,-0.051449290929915854,-0.018890101305233456,0.015880321322436622,-0.04017526008697359,-0.08299445648505879,0.018416225009853973
251,0.008464062634804252,-0.037604329322243266,-0.0015966690883515017,0.01775680027194442,0.012928137337884163,0.08383407424443069,0.0046931994718443434
252,0.003404150804298822,-0.04944719273464938,-0.0037557465179194234,0.025213270330336296,-0.015292531028813715,0.09448928445303449,0.002527728345164744
253,-0.01929545420428614,-0.02472267463206615,-0.006740441939867317,0.035970462119038545,0.027608149798295456,0.09127390659330425,0.0006393314274628619
254,-0.006385689397912481,-0.04930523576941926,-0.0043488511460562426,0.0358975795972483,0.010680126243524232,0.09314819002177431,-0.00472028050638749
255,0.0030854856663938175,-0.040308459446348054,-0.004332327827195859,0.033119191663997995,-0.006765274851936399,0.09621871017175442,0.0012330135863408715
256,-0.013213216381371712,-0.05673958758078679,-0.004697614590870941,0.04518187220536239,-0.007047102138307159,0.09725969069136342,-0.008915217092451118
257,0.025547678756877298,-0.031716864035696485,-0.004017858144128767,0.025663261185126428,-0.006128818849907038,0.09297924508801905,0.0085734291288585
258,-0.003213265401957467,-0.0400615280281897,-0.01685356344225514,0.05689372241075352,-0.020763714065764247,-0.07352117306460818,-0.0050916671758622885
259,0.009164952545480583,-0.07236395619970853,-0.003940751340142715,0.040859955176394666,0.001576335153835252,0.09591434280048328,-0.01124112098474796
260,-0.001914391600954201,-0.041910346601052716,-0.006210648619624619,0.04334111087189017,0.018735809738745387,0.09645436044704661,-0.005283738563254237
261,0.011318594640612807,0.017202419469100304,-0.00313498566575864,0.036069651338747954,0.01943429672677706,0.08813346398793678,0.008861408431032213
262,-0.01626046711071193,-0.010456239485117882,-0.01970677334821725,0.06010015843333076,-0.07427867655148637,-0.05512637764913945,-0.003368986300047524
263,-0.003004981181938763,0.04172013124230843,-0.011387505535798223,0.04855316197904098,-0.02654593380709295,-0.06899099395826394,0.010571275044157374
264,-0.025705489637520052,-0.005891628748624639,-0.0063894821134580365,0.04050829133252973,0.013064188595183174,0.08912920783642649,0.004936685123565604
265,0.02434799362564486,0.03635950374279576,-0.036771374442554364,0.021493880132824668,-0.05688053783946951,-0.026046614916067738,-0.1349494090847491
266,-0.029439056436595716,0.014364724932942625,-0.01700251055280628,-0.10263696588124432,-0.02511191341738723,0.02188447558864219,-0.1354471084445715
267,-0.07252875273790634,0.049005640007344344,0.02198917966871525,-0.09221830030472321,-0.04658630208258458,0.020928997815926904,-0.14931870748743697
268,-0.07706214294766339,-0.016687712063600035,0.014053654898669311,-0.12353987104124768,-0.03686224504670037,-0.021260609193113154,0.04837638326002622
269,-0.09663411162829047,-0.0701037461211515,0.009753147720411942,-0.06868751500714593,-0.027072958304011997,-0.02905707772693575,0.017218775189865684
270,-0.05946040216181506,-0.09493389982845128,0.007265107525865492,-0.059585179628570045,-0.009295538302578666,-0.04681949687468302,0.010352753032444572
271,-0.041309517877471336,-0.09935610467299279,-0.004391442621200767,-0.04787030589028959,-0.04933741148487564,-0.04248187924990667,0.012417475552729302
272,-0.03091364783385773,-0.07794345957403197,-0.0023170846844989216,-0.03607225890833448,-0.027279509205172466,-0.05779837254648504,0.015175790749962583
273,-0.06007368508220467,-0.07254417770952613,-0.0016433952969015083,-0.005080495932577443,-0.009429289688386761,-0.04951844264383875,-0.0016888656826123906
274,-0.04059650121079477,-0.03872746251267632,-0.005822911182083526,-0.00916905665404967,0.045372601865201034,-0.0653348702200835,0.004871745574180939
275,-0.07592629799602833,-0.0326499665870911,-0.007289569428235837,0.019676796937823787,-0.004862210774335833,-0.04439696105197784,0.003548319343760655
276,-0.03980926945430283,-0.05417608804068012,-0.008067278760964795,0.010860848472965064,0.030829553746951278,-0.058459028924644565,-0.0029850501323610197
277,-0.10433145118394513,0.003422058174265933,-0.03607969260561342,0.03327024214493178,0.07553595454729765,-0.03557229065526929,0.02350147674559885
278,-0.12274903788511796,0.10408509800133617,-0.011469004249309927,0.050866799306964965,0.0019827383296404663,-0.038640606463971695,0.03067820066486937
279,-0.050321185104168165,0.1099650631914767,-0.006922770473893702,0.018801103689993052,0.07316573964962976,-0.061234969539613306,0.019984552057297225
280,-0.11707163716342456,0.08983895389047272,-0.005775019304494887,0.06037485344293806,-0.032147606467819854,-0.04332108895032428,0.021132982638799563
281,-0.01562445922184326,0.0567161170975105,-0.004706281742270014,0.01431424428591225,0.055915551112397065,-0.07138866900184519,0.012641362525112805
282,-0.0769620189341232,0.02732101798539615,-0.010025976271182171,0.05013395018972068,-0.023616698676239355,-0.050440485460317624,0.01008877378206592
283,-0.03263559175606222,0.017159963919641415,-0.009568018247034682,0.03635327834143612,-0.0331216248948497,-0.056995480026092664,0.010045632107173526
284,0.01956863920311591,-0.09366963924501849,-0.013565674708259517,0.012618599719019363,-0.0342974467373966,-0.06290879166446957,0.00459853853929419
285,-0.03217061265534432,-0.13063651229166034,-0.0031545040655454465,0.05416878074743288,-0.02901210754174623,-0.05192672913262169,-0.0461356374155443
286,-0.00937584135978855,-0.09353255043045201,-0.010238745035460382,0.03942969977597818,-0.022896343490526692,-0.05686503348847007,-0.017317445465558436
287,0.025080793360805702,-0.08249228105087028,-0.004709255804872612,0.022894571852409937,0.026629735336619914,-0.06909093374274264,-0.010492772411945442
288,-0.07529265463588324,-0.057449288220227976,-0.01357596532585749,0.07030432727710098,-0.010680098829636574,-0.036499268329360325,-0.01727873933485792
289,0.00029839497266756325,-0.058177233382710476,-0.009999830367963706,0.03201686337570312,0.01715117148525843,-0.05887645471357103,-0.006840179827820244
290,-0.035719832584782625,0.011063646846780295,-0.016970711272953756,0.04507971174017522,0.03743126136900624,-0.0430632860223095,0.005865886629189044
291,0.02217377005704119,0.029655481244515863,-0.04801308979891772,0.004255445839481403,-0.07915135371067715,0.005347177671627118,-0.05499675370728295
292,-0.013384537441717373,0.03154965757708274,-0.025473967493848858,-0.12223388153054077,-0.004467006645292671,0.06865483006606979,-0.12958877434737526
293,-0.07253563630340448,-0.026452788154194384,0.00834268950186284,-0.053638884840377564,0.006057973802023595,0.006900805556508278,0.02335762157500571
294,-0.10099741665844916,0.05128785444956325,0.012798536381605139,-0.01777511235108132,-0.053353144777043005,0.018050106009167344,0.022322536001961837
295,-0.03905297473265293,0.06531055437199818,0.013164115114810134,-0.030416585319225184,0.015829051811516857,-0.003739960474852696,0.0259648960535813
296,-0.11293049334288398,0.08497890402418053,0.0052640985435955245,0.017088175594376524,-0.01889425663660869,0.017853085308225304,0.026706139882971342
297,-0.0016584766267405127,0.06317409560855518,0.013878582918006345,-0.025099486718215904,0.06470272980920558,-0.010190447531205099,0.017413946582539856
298,-0.05767693529429657,0.05441134971023256,0.00430454918253452,0.006965151892935444,-0.05868769993022764,0.012933929556757326,0.01511551362422561
299,-0.045652114117417375,0.00637516758361699,-0.003057071344783208,0.007901909841483888,0.008886221967231135,0.0008299614117629318,0.014383760653916292
300,-0.005823752573107324,-0.024874015887352267,-0.0008517228978308311,-0.005541075518283832,0.005962643961472078,0.0021933498638200166,0.014451026641262191
301,-0.04221153576112784,0.010134518892848575,-0.005216754795232923,0.012851114688141426,0.02167076686070655,-0.002300303507265603,0.013233833114189282
302,-0.038083330938233934,0.027225421429253133,-0.004006762633664643,0.015027207277681639,0.01845584802476353,-0.005844525478479612,0.015123822359468863
303,-0.042992712662683216,-0.08623354275772478,-0.003726025717251973,0.03583160571592034,-0.022286704453462487,0.004245077041797139,-0.01881636881022114
304,-0.0016935173359306065,-0.07242573293875879,-0.004369366651032113,0.009274227298942683,-0.00520239678478225,-0.008750829154238322,0.00047821661114717253
305,-0.062301766632847984,-0.08160094393331097,-0.004130509630220837,0.04955772050896784,-0.024792898942136998,0.0017404437006750446,-0.022861481784939765
306,0.005138612790577358,-0.06946630883093907,-0.007829608859890437,0.01331000432207013,-0.01862653110726881,-0.018249070649790988,0.0036401083080496604
307,-0.034921092669123,-0.04679689201529244,-0.008845890146200594,0.03715592706335665,-0.004664031010128504,-0.012831860506314852,-0.004843966493278593
308,-0.004914429202855262,-0.02896094403474253,-0.007175874024641723,0.017321019265430417,-0.007486628944650056,-0.02036518687964285,0.008626350010004917
309,-0.025462787768491885,-0.04742336472458009,-0.008284021713816168,0.03246973673070823,-0.014048717398116119,-0.01108796651403142,-0.002387439931138552
310,-0.023055560173782737,-0.004076827631749088,-0.007443877278065446,0.02743286051969898,-0.01273975561930045,-0.014872830792066883,0.009221008003775129
311,-0.06294085674851267,-0.0856219200451215,-0.006156807091160444,0.06541363763350388,-0.02242775166348007,-0.007176196114643529,-0.029512019262415028
312,0.011019890125099161,-0.04494540486392586,-0.005807539532662571,0.01784280606310317,0.013334655319092824,-0.01936019360261002,0.0032183429526212227
313,-0.04760529406744932,-0.01476780007468913,-0.01126309151440124,0.04546916106359346,-0.005359748301697841,-0.0219539680259605,0.0017435572726000304
314,-0.051561371705948614,-0.0030837088940231044,-0.011510057086918128,0.04147342189653246,0.009508279860777563,-0.00561470348635339,0.005764908524241495
315,0.016107526809308194,0.03598274370097958,-0.0008326778757847698,0.012636897400707045,-0.0024776387096934315,-0.028605581344063657,0.019157810932549597
316,-0.04871572969378653,0.07317435038867551,-0.0008344969661704064,0.04133168572369143,-0.02195079427509717,-0.00038291246524242684,0.01415451255086932
317,-0.02001886770575484,0.03796263922137475,-0.008901899670855409,0.023428113832517184,0.058231364135890806,-0.0083510151315558,0.011315671013652625
318,-0.03759581802510797,-0.03168217152566138,-0.019243303030500352,0.0320179266615156,0.07425901111375943,0.008128448142945726,-0.001693200331102786
319,-0.05167742036068053,0.08274070113888281,0.002322740691288415,0.045350807393948825,-0.0594148251123237,0.0055714893539618475,0.00791876858918183
320,-0.008479654178566538,0.025153829447862933,-0.025244465164597305,0.01908389364757026,-0.09768278875655809,0.032445265216204396,-0.06478639957594905
321,-0.01435237826734058,0.008022975437354727,-0.038373792851845445,-0.09739293895955911,-0.013168055045282505,-0.07536236011652328,-0.1407816948137916
322,-0.04228013205641895,0.018038870322913892,0.02421328847886894,-0.11935444514999739,-0.014285484484801695,0.022616497797201762,0.05146299589621084
323,-0.04950641751417359,-0.022344637626877002,0.011475424341725212,-0.07673771728376616,-0.020181673939754126,0.03465146031034066,0.03542629516362236
324,-0.05025154506875376,-0.0935547203025201,0.009209870960321899,-0.040221484724831225,-0.005031808577235249,0.04737421246036762,0.0035483143277273022
325,-0.044571474192055635,-0.029561819613790574,0.00408437868798273,-0.032753628598932064,0.044499678250888304,0.044742616824923004,0.01412933408024505
326,-0.09631969127989948,-0.04865769068809484,-0.0004772771366135598,0.03199856654906879,-0.028279502878815255,0.04209174387059826,-0.004592515983652351
327,-0.09910772105590991,-0.018593774610662004,-0.01272509597943362,0.03488630330503127,0.01823197095864285,0.049271451910740796,0.010304359260152359
328,-0.0578546528208399,-0.06798154093692532,-0.003284029322351556,0.04316670340265727,-0.026558306283189562,0.034016948351270136,-0.01495931241701174
329,-0.01916656379466626,-0.022885999252324096,-0.0052401423001065765,0.0200369003649152,0.022948039006368492,0.03463574447487109,0.00473475933418584
330,0.017063706870163696,0.014810263528324092,-0.0005822451381495733,0.010145274944860597,-0.0030637140333680864,0.02805329769421136,0.018686455780285244
331,-0.037259455474779095,0.05206350352350451,0.0007234897819038085,0.04071133049819737,-0.06372770255848377,0.07217140527074684,0.00725081438772307
332,-0.0252763152063583,0.03663002953112063,-0.005171068853590683,0.04202376980776634,-0.005185742784404009,0.031652736878823834,0.011272066268185985
333,-0.03112094141477254,0.008705146767718552,-0.006519670945914894,0.048923552405760656,-0.04063475985700586,0.04222885406401125,0.005242759107077151
334,0.062455517771357605,0.012121020698794692,0.009682048154842297,-0.0012627323166076176,0.0039066022943433695,0.011754459133712418,0.028230194172610065
335,-0.0463907512523961,-0.047621161662974046,-0.01220445241583434,0.05382641570729484,0.021319898718744623,0.04562329344399763,-0.009282718168652579
336,0.033303162249141385,-0.003486285491897314,-0.004137974152122994,0.019951190080911015,-0.004436101772570383,0.026509865153232285,0.016277641232782164
337,-0.014245446180626634,0.0284080883424147,-0.006110980762425117,0.04052427195995374,-0.05197154672772687,0.05026891773175448,0.00926677804278541
338,0.09069302475001327,-0.01456293364710824,0.017875623592297107,-0.0027514881723802037,-0.022926786070161662,0.0004484536678019541,0.04846125205232231
339,-0.05049907346162999,0.011764785180565462,-0.007283099872009767,0.06274936323632622,-0.031342389239161064,0.05034980496700989,0.0033672036599759975
340,0.06230706644725275,0.02005878801776592,0.007744905890180282,0.012456866914492846,0.015232143106878525,0.04159357401557478,0.020167366301930167
341,0.002806690756081056,0.0016246488494610894,-0.006963493479254646,0.040330036331670906,0.008164992002019504,0.047183588276420003,0.006325173939669186
342,0.05391297121708776,0.009397487447775391,-0.014817269988348293,0.010720103013498915,-0.04732618045915837,0.06167385423922383,0.029038344606987163
343,0.032503158771666915,0.017407435093333635,-0.014350440829591183,0.01877009793344802,-0.05272470845918961,0.05378578290959373,0.02059757349373044
344,0.07843221395657357,-0.019829449592006648,-0.015932938138456573,-0.0042884828750372195,-0.05104891227472418,0.03372769990346042,0.04771977146165256
345,-0.05664859468975146,0.052411864866570984,-0.002858571145210583,0.07160896292572928,-0.05669079129244285,0.049109176198089674,0.004481716930205569
346,0.01261660771767527,-0.021758835922260127,-0.06441626742756773,0.010904316960251993,0.2562457403923996,0.004971371531937184,-6.918998672565506e-05
347,-0.06171814368349886,-0.05708598625839074,-0.07131545438574818,0.05081805315506533,0.17450989771605946,0.02842810164641572,0.011996365569241055
348,-0.019651037860242374,-0.09594457833837138,-0.03776713278858619,0.05051945626150288,0.15176286764892322,0.028247867208892673,-0.028579441335087545
349,0.006347281184558472,-0.025102713997526848,-0.008258185851120666,0.04060688510752649,-0.005756108446782491,0.04265573964781922,0.0028306317987789884
350,0.013460035995124164,-0.0743404083156417,-0.006444710088496131,0.039315675709903,-0.00680489855125627,0.05267598204979515,-0.009209456912180452
351,0.005704426747369144,-0.09205665452696724,-0.004574802081205202,0.04888433072551433,0.013209752741277066,0.054220879552289485,-0.02345751104985679
352,-0.00622003432369574,-0.015352539138304873,-0.008627003647175807,0.045997341467257605,0.007934610850311483,0.05159535901748339,0.0013813730735519753
353,0.020555741420182332,-0.03370035752342183,-0.008564187698090323,0.036127264469917014,-0.013704206781001106,0.0483161010019886,0.005265361238193092
354,0.027197742752519002,-0.03838912133527572,-0.007309522956589171,0.03357254953234927,0.0007354541668962936,0.0354318964480308,0.0038384791082455606
355,-0.031029435218456008,0.031425622556889014,-0.006713795626768564,0.052451665755291935,-0.014402809815898681,0.04023579810038136,0.00873778282532837
356,-0.02038501471706065,-0.029510637453153965,-0.009406088788034296,0.054071929185704054,-0.04399219979827851,0.045491452393556946,-0.0036092349124190732
357,0.02091422749169929,-0.05650091012976727,-0.010969501676737353,0.03726319157979138,-0.02548275002368618,0.036366715784677615,0.0012716000738931593
358,-0.024520615711084142,-0.019241771186614905,-0.00977955374070497,0.0616043226424882,-0.024343451269846366,0.04691005894033215,-0.003042647435226375
359,0.026447312569078216,0.03856110451774354,-0.031385748264459105,0.0389284085972343,-0.08282466017929772,0.08825273282752998,-0.09091594196315043
360,0.05771219369982178,0.00025614134849465597,0.21372659275845826,0.05435442499281175,-0.061413943485623346,-0.0557049568979814,0.03011999698211889
